ensemble's,[Technology;Books]
lambkins,[Sports]
meander,[Sports;Historical Events]
Ida,[Famous People;Historical Events]
rat's,[Books;Music]
hyphens,[Movies]
tinselled,[Famous People]
occasion,[Countries;Technology]
ethnicity's,[Famous People;Books]
infotainment,[Food & Drink]
philodendron,[Movies]
oxidizer,[Famous People;Animals;Countries]
floatation,[Sports;Movies;Food & Drink]
daemons,[Movies;Animals]
buzzword's,[Sports]
misinterpreting,[Music;Sports;Food & Drink]
sissier,[Countries;Animals;Music]
bused,[Technology;Sports]
thundered,[Technology;Movies;Food & Drink]
schmuck's,[Sports;Historical Events;Animals]
hypocrisy's,[Sports]
tinniest,[Sports]
playacts,[Music;Sports]
Ferrari's,[Books;Movies]
homesteaded,[Music;Famous People;Technology]
pulley,[Historical Events;Food & Drink;Sports]
monied,[Technology;Movies]
welshing,[Food & Drink]
heel,[Famous People]
overtimes,[Books]
tormenting,[Countries]
apportioned,[Food & Drink;Historical Events]
strum,[Movies;Famous People]
meagerly,[Historical Events;Famous People]
spams,[Historical Events;Music;Sports]
despair's,[Technology;Food & Drink]
rockiest,[Food & Drink;Music;Sports]
leader's,[Sports;Music;Movies]
should,[Countries;Historical Events;Movies]
vigilantly,[Food & Drink]
dealership,[Animals;Technology]
anthologizes,[Animals;Historical Events]
Salvador,[Technology]
farina,[Movies;Animals;Music]
salesmen,[Countries;Famous People;Historical Events]
opossums,[Sports;Food & Drink]
necessarily,[Sports;Countries;Historical Events]
umbrella,[Animals;Countries]
solarium's,[Famous People;Music]
devour,[Music;Technology]
headway,[Books;Sports]
literary,[Famous People;Food & Drink]
Del's,[Music;Technology]
legation's,[Countries]
necromancer,[Books;Historical Events]
interceptions,[Music]
O'Casey's,[Books;Music]
compelled,[Animals;Books;Movies]
lorn,[Food & Drink]
airsick,[Famous People]
pasteboard's,[Books;Famous People]
fanboys,[Famous People]
chitin's,[Famous People;Movies;Historical Events]
milling,[Books]
hypothetically,[Historical Events;Sports;Books]
approximated,[Countries;Food & Drink]
unearthly,[Music;Movies;Food & Drink]
viewfinders,[Sports;Historical Events;Famous People]
iPhone's,[Movies;Historical Events;Historical Events]
quoit,[Technology;Sports;Historical Events]
GMAT,[Countries]
mileages,[Technology;Sports]
seismology's,[Movies]
dankness's,[Countries]
Bering,[Countries;Countries]
Canaveral's,[Famous People]
HQ,[Historical Events;Sports;Books]
ascends,[Historical Events;Countries;Countries]
roentgen's,[Historical Events;Movies;Countries]
disillusionment's,[Animals]
whoosh,[Famous People;Music]
handshakes,[Books;Famous People;Historical Events]
traveller,[Music;Countries;Countries]
mammography's,[Music]
Deborah's,[Technology]
mimetic,[Music;Movies;Books]
stamps,[Famous People]
basin,[Technology;Music;Countries]
fictitious,[Technology;Sports]
hustings,[Movies;Technology]
shed,[Animals;Food & Drink;Sports]
weft,[Animals;Technology;Technology]
reliably,[Animals;Countries]
petioles,[Movies;Books]
Burch,[Historical Events;Sports;Famous People]
Sicilians,[Music;Countries]
graying,[Animals;Countries]
unloose,[Movies;Historical Events;Music]
Lille,[Sports;Technology]
logotype,[Animals;Books;Books]
intractability,[Sports]
shlep,[Animals;Books]
virtually,[Technology;Countries]
coordination,[Historical Events]
firsthand,[Music;Animals]
Dominic,[Music]
couched,[Music;Movies]
Mauritius's,[Sports]
originally,[Countries]
electromagnetic,[Sports;Historical Events;Countries]
Kory's,[Movies;Music]
ombudsman's,[Historical Events;Music]
populace's,[Books;Famous People;Food & Drink]
dean's,[Food & Drink;Sports;Countries]
Calvary's,[Famous People]
govt,[Music]
rhinoceri,[Books;Food & Drink]
Cornish's,[Historical Events;Famous People;Food & Drink]
gull,[Famous People;Countries;Famous People]
hosting,[Movies;Technology]
bargain,[Animals;Books]
letterbox,[Historical Events;Famous People;Animals]
stealthier,[Famous People;Technology]
integrals,[Movies]
transom's,[Historical Events]
dole's,[Movies;Books;Movies]
Anchorage,[Movies;Historical Events]
WATS's,[Food & Drink;Food & Drink;Food & Drink]
colloquium's,[Movies]
carotid,[Historical Events;Movies;Animals]
molehills,[Food & Drink]
syllogism,[Technology;Sports]
winched,[Books;Historical Events]
frames,[Countries;Animals]
bravos,[Books]
fluffiest,[Sports;Sports;Animals]
Thailand,[Sports]
colorless,[Movies;Food & Drink]
briefer,[Technology;Books]
proscenium's,[Movies]
unpaved,[Countries;Books]
Sivan,[Animals]
Baotou,[Technology;Famous People;Technology]
squirts,[Animals;Music]
masks,[Historical Events;Historical Events;Books]
hairballs,[Technology;Countries;Animals]
pest,[Technology;Books;Countries]
pair,[Books;Sports]
Salinas's,[Countries;Animals;Books]
phone's,[Technology;Movies]
specially,[Music;Music]
budge,[Technology;Music]
pretence's,[Historical Events;Animals]
mightier,[Books;Technology]
hood,[Technology;Food & Drink;Historical Events]
polytheism,[Countries;Countries;Countries]
microcosm's,[Books;Sports]
Adirondack,[Technology;Music]
genealogist's,[Food & Drink;Music;Countries]
rummages,[Technology;Movies;Food & Drink]
Lorenzo,[Sports;Music]
numskull,[Music]
Palmer's,[Countries]
dehumidifying,[Movies]
stains,[Music]
abnegation's,[Technology;Historical Events]
Crookes,[Animals;Countries;Technology]
malware,[Historical Events;Sports]
centilitres,[Movies;Books;Technology]
hightails,[Sports;Movies]
Hieronymus,[Technology;Books;Historical Events]
smörgåsbord's,[Famous People]
stereos,[Animals;Historical Events]
impiety,[Historical Events;Movies]
Kommunizma,[Countries;Historical Events]
cowed,[Famous People;Sports]
Pentax,[Books]
adversest,[Historical Events]
founders,[Books;Famous People]
Eu,[Sports;Technology;Famous People]
Tell's,[Movies]
intercept,[Movies;Movies;Music]
Corp,[Food & Drink;Countries]
throaty,[Movies]
unlatch,[Historical Events;Books]
feeling,[Famous People;Countries;Animals]
telltale's,[Food & Drink;Technology]
byplay's,[Historical Events]
trample,[Technology]
senates,[Historical Events;Animals;Sports]
forget,[Historical Events;Music;Music]
logo,[Music;Animals]
slimmer,[Books]
brouhaha,[Books;Books;Food & Drink]
snapshot's,[Music;Famous People;Historical Events]
encroached,[Books;Movies;Historical Events]
leakiest,[Sports;Books]
Ångström,[Sports;Technology]
reappraisal,[Countries;Movies]
recessions,[Countries]
nimbleness's,[Animals]
ebbed,[Food & Drink]
result,[Animals]
maxillas,[Countries;Books;Music]
scary,[Food & Drink]
sources,[Movies;Movies]
restricting,[Countries;Technology]
blondness,[Historical Events]
spreadsheet's,[Food & Drink]
headline's,[Books;Music]
Jinnah,[Technology;Famous People;Technology]
revivals,[Music;Books;Famous People]
Goldwater,[Historical Events;Technology;Animals]
lovemaking's,[Historical Events;Books]
beaten,[Countries;Movies;Famous People]
indecorous,[Famous People;Famous People;Famous People]
expatriate,[Technology]
cockatoo,[Countries]
reciprocating,[Technology;Historical Events;Countries]
foray,[Famous People;Movies;Countries]
candied,[Movies]
mourners,[Technology;Music]
obeyed,[Historical Events;Animals;Countries]
disarraying,[Food & Drink;Technology]
buzzkill's,[Sports]
internalized,[Sports]
cats,[Sports;Historical Events]
compulsories,[Sports;Movies;Music]
plannings,[Movies]
recesses,[Technology;Sports]
centrifuged,[Technology;Famous People]
itinerary,[Famous People;Movies;Books]
Piaf,[Books;Historical Events;Famous People]
symbolizes,[Sports;Sports]
balmiest,[Sports]
Severus,[Food & Drink;Music]
narrow's,[Animals]
traipsed,[Technology;Movies]
circuitous,[Books;Historical Events;Technology]
fluttery,[Sports;Technology;Historical Events]
operates,[Books;Books]
ambitiousness,[Famous People]
zoos,[Books]
ingots,[Famous People;Countries]
thistledown,[Books;Technology;Sports]
Cebuano,[Countries;Historical Events]
breezily,[Historical Events;Sports]
inconspicuousness's,[Food & Drink;Food & Drink;Historical Events]
leaseholder,[Animals;Food & Drink;Food & Drink]
materialism's,[Countries;Technology]
compresses,[Famous People;Music;Music]
trochees,[Food & Drink;Music;Movies]
argots,[Sports;Technology;Famous People]
shad,[Historical Events;Movies;Countries]
microcosm's,[Books;Sports;Food & Drink]
anvils,[Music;Historical Events]
covers,[Technology;Sports;Technology]
paralyzing,[Countries]
dirges,[Music]
Araguaya,[Movies;Movies;Countries]
corroborations,[Famous People]
sharp's,[Historical Events;Famous People;Food & Drink]
xix,[Sports;Music]
confrère's,[Technology;Movies;Countries]
Steiner's,[Music;Animals;Animals]
content,[Books]
sideswiped,[Technology]
registrars,[Countries;Music;Books]
blame's,[Music]
authenticates,[Technology]
ESP's,[Animals]
pancake's,[Sports;Music;Famous People]
harbor's,[Sports;Books;Movies]
hooped,[Sports;Famous People]
hydrology,[Technology;Animals;Animals]
adhesion's,[Historical Events;Music;Movies]
fledglings,[Sports;Sports;Countries]
pentagons,[Movies;Movies]
frazzled,[Sports]
swat's,[Books;Movies]
Ziggy,[Movies]
Marciano's,[Sports]
chamois's,[Books;Sports]
metacarpi,[Books;Technology;Famous People]
propulsion's,[Food & Drink;Historical Events;Countries]
Rosella,[Famous People;Famous People]
tutored,[Countries;Countries;Food & Drink]
Alfred's,[Music;Famous People]
ulceration,[Sports;Historical Events;Animals]
cluck's,[Famous People;Food & Drink;Historical Events]
evidenced,[Countries]
woulds,[Famous People;Countries;Food & Drink]
Joule,[Movies;Animals;Sports]
conducive,[Historical Events;Books]
welcomes,[Movies;Technology;Music]
halt,[Sports;Technology;Famous People]
absinth,[Technology]
straightest,[Countries;Technology;Animals]
upbeat's,[Movies]
scruffiest,[Historical Events;Books]
Compton's,[Historical Events]
Euphrates,[Famous People]
pictorial,[Famous People;Sports]
aerodynamics,[Animals;Animals;Animals]
supercharger's,[Books;Historical Events;Books]
focussing,[Historical Events;Historical Events]
ousts,[Famous People;Famous People]
lyre's,[Famous People;Animals;Animals]
Himmler's,[Food & Drink;Historical Events]
attract,[Technology]
Scot's,[Animals;Sports]
armorer,[Movies]
lambaste,[Historical Events;Food & Drink;Sports]
wrathfully,[Technology]
dishonesty's,[Technology;Food & Drink;Historical Events]
lien,[Famous People]
infamy,[Movies;Movies]
puffiness's,[Famous People]
sigh's,[Sports;Famous People]
cormorant's,[Movies;Animals;Countries]
classmates,[Books;Animals;Movies]
readabilities,[Historical Events;Sports;Countries]
nutty,[Books;Countries;Sports]
misspelling's,[Technology;Books;Music]
glowworm,[Technology]
persuasion,[Technology]
rag's,[Famous People]
vicar's,[Music;Historical Events;Animals]
collier,[Animals;Historical Events;Movies]
antibiotic,[Technology;Famous People]
rink,[Books]
Royce,[Technology;Countries;Food & Drink]
sufferer's,[Technology;Movies;Technology]
Cessna,[Countries;Countries;Sports]
Karol,[Technology;Sports]
frosting's,[Animals]
interlards,[Countries;Animals;Famous People]
worthiness's,[Food & Drink]
Snowbelt's,[Countries]
arrests,[Food & Drink;Sports;Food & Drink]
taxies,[Music]
Hargreaves's,[Music;Historical Events;Technology]
parsimonious,[Historical Events;Famous People;Famous People]
Salome's,[Famous People;Books;Movies]
policed,[Books]
obeyed,[Animals]
autos,[Countries;Sports;Animals]
richer,[Music;Music;Movies]
Talbot,[Sports;Sports;Sports]
laundresses,[Historical Events;Food & Drink]
modem's,[Movies;Movies]
restatement's,[Sports;Historical Events;Countries]
grunge,[Food & Drink;Animals]
swerves,[Countries;Famous People;Animals]
Bloom,[Famous People;Animals;Famous People]
jars,[Famous People;Famous People;Books]
trusteeship's,[Food & Drink]
accompanying,[Sports]
Cm,[Technology]
rumbas,[Famous People;Movies;Historical Events]
flowery,[Animals]
unbuckle,[Animals]
tides,[Countries;Music]
Melba's,[Movies;Countries;Food & Drink]
greyish,[Sports;Historical Events]
Israel's,[Music;Countries]
Masefield's,[Movies;Sports;Historical Events]
quadrilles,[Famous People;Technology;Food & Drink]
macaroni's,[Food & Drink;Countries]
evidenced,[Food & Drink]
bruised,[Technology]
Arkwright,[Music;Animals]
Guinevere's,[Music]
gastritis,[Historical Events]
ebony's,[Historical Events;Music;Food & Drink]
Bergman,[Countries;Sports;Movies]
howl's,[Famous People;Famous People]
millimetre,[Books;Countries]
Micronesia,[Movies;Historical Events]
Schmidt's,[Technology]
ovulates,[Famous People]
lodestone's,[Sports;Historical Events;Food & Drink]
pettily,[Historical Events;Sports]
pleurisy's,[Countries;Music;Technology]
vape,[Countries]
initiator,[Countries]
rationalized,[Books;Animals]
scrape,[Historical Events;Animals;Famous People]
promised,[Books;Historical Events]
demotion's,[Books]
Capuchin's,[Famous People]
Carthage's,[Food & Drink]
Dunlap,[Movies;Movies]
castigation's,[Books]
prosecutors,[Sports;Movies;Famous People]
Beatles's,[Countries]
Peter's,[Countries]
Hickok,[Sports;Animals]
turduckens,[Sports;Movies;Historical Events]
Nasser,[Movies]
Anton,[Countries]
Ultrasuede's,[Music;Countries]
Dmitri,[Countries;Famous People]
breeder,[Countries;Animals]
HBase,[Famous People;Books]
Ivanhoe's,[Technology]
subscription's,[Sports;Technology]
ancillary's,[Movies;Food & Drink;Books]
thump's,[Famous People;Technology;Animals]
plying,[Books]
Catskills's,[Famous People;Sports;Countries]
attempts,[Movies]
sensors,[Historical Events;Music]
floater's,[Music;Sports]
beautician,[Famous People;Animals]
barbarism's,[Animals]
surcharges,[Food & Drink;Movies]
quartermasters,[Countries;Famous People]
say's,[Countries]
Peruvian's,[Technology]
tuft,[Historical Events;Food & Drink;Countries]
hundred's,[Animals]
derogated,[Countries;Animals]
incompatibility,[Famous People]
Boer,[Animals;Movies]
begun,[Historical Events;Music]
yellowest,[Technology;Food & Drink;Countries]
retool,[Books]
climber,[Technology;Famous People]
TeX,[Famous People;Movies;Animals]
Olaf's,[Historical Events]
geologist's,[Music;Music;Technology]
Renee,[Food & Drink]
Bertelsmann's,[Famous People;Historical Events]
Hatteras,[Food & Drink;Animals]
Juliana,[Sports]
Reuters,[Sports;Movies]
leafier,[Countries]
befuddled,[Movies]
overpays,[Historical Events;Sports;Books]
disconcerting,[Historical Events;Technology]
semiconductor,[Food & Drink;Famous People;Animals]
bleat,[Music]
yeshiva,[Historical Events;Food & Drink]
motorbike,[Countries]
yeshivah,[Countries]
Hyperion's,[Historical Events;Books]
sortie,[Historical Events]
assailant,[Music;Sports]
wildebeest,[Books;Music;Animals]
ISS,[Countries;Books]
slothfulness's,[Historical Events;Books;Sports]
grates,[Historical Events]
indecent,[Countries]
outflanking,[Technology]
casein,[Books;Animals;Countries]
goalkeeper's,[Movies;Books]
clash's,[Animals;Sports;Music]
mammal's,[Movies]
bulk,[Food & Drink]
deplete,[Books]
potteries,[Historical Events;Sports]
vulture's,[Animals;Animals;Historical Events]
inclusively,[Books;Sports;Music]
demolishes,[Technology]
melange's,[Music]
drifter,[Food & Drink;Historical Events]
snugs,[Music]
workaholics,[Sports;Countries]
EST's,[Animals]
headlock's,[Countries]
Yeltsin's,[Books;Historical Events]
mitigation's,[Food & Drink;Music;Technology]
reprehending,[Books]
cabinetmakers,[Historical Events]
spurts,[Famous People;Animals;Countries]
olive,[Historical Events;Countries;Historical Events]
capons,[Music;Movies]
mantelpiece's,[Animals]
geekier,[Music]
plainest,[Sports;Books;Food & Drink]
Dublin's,[Music;Famous People;Food & Drink]
relying,[Music;Music]
hypertext,[Animals]
griefs,[Food & Drink;Music;Famous People]
mallet's,[Sports]
kopek,[Famous People;Movies]
cruddier,[Famous People;Famous People]
Hereford's,[Movies;Books;Food & Drink]
taro's,[Food & Drink]
metals,[Animals;Countries;Technology]
Tucuman,[Food & Drink;Technology]
sauntering,[Movies;Countries;Movies]
alphabetically,[Books]
dovetailing,[Historical Events;Sports]
vellum's,[Movies]
attitude,[Famous People]
Fergus's,[Books;Food & Drink]
inaccessibility's,[Historical Events;Food & Drink]
prospect's,[Books;Famous People;Music]
Durkheim,[Food & Drink;Music]
tattoo's,[Food & Drink]
precocious,[Historical Events;Sports;Technology]
Inge's,[Food & Drink;Food & Drink]
Consuelo,[Movies;Animals;Famous People]
shiftily,[Technology]
Judah,[Countries]
constrict,[Sports]
Harrison,[Food & Drink;Books]
disputable,[Famous People;Famous People]
stultifying,[Food & Drink]
hawkish,[Music;Movies;Food & Drink]
warehouses,[Sports;Countries]
Amundsen,[Sports;Music;Famous People]
turbine's,[Famous People;Books]
birching,[Famous People;Books;Historical Events]
mouldering,[Famous People]
unicameral,[Movies;Books;Music]
bolder,[Sports]
mellowness,[Famous People]
Boyd's,[Historical Events;Movies;Technology]
proton,[Books]
freezes,[Countries]
luggage's,[Sports]
broadcasts,[Animals;Food & Drink]
slinks,[Food & Drink]
squirming,[Music;Historical Events]
entertainments,[Historical Events;Historical Events;Technology]
eatable's,[Historical Events;Movies]
marina,[Music]
Boole's,[Sports;Food & Drink]
invisibility's,[Music;Technology]
synchronization,[Movies;Animals]
dune,[Food & Drink]
pelican,[Famous People]
Bethe's,[Sports]
Blanche,[Books;Books;Historical Events]
seducing,[Technology;Sports]
ECG,[Famous People]
espousal's,[Food & Drink;Countries;Books]
reserve,[Movies;Technology]
sublimates,[Technology;Famous People]
roommate's,[Books;Food & Drink;Technology]
graphically,[Countries;Famous People]
McDonald,[Famous People;Animals;Sports]
dormancy's,[Books]
Haiti,[Countries;Books]
stilt's,[Famous People;Famous People;Technology]
Love,[Books;Movies;Animals]
initiate,[Music]
quicksilver,[Books;Famous People;Countries]
merit's,[Food & Drink;Books;Countries]
escapade's,[Music;Famous People;Countries]
clay's,[Sports;Food & Drink;Animals]
incompletely,[Historical Events;Food & Drink]
McLaughlin,[Countries]
Lemaitre,[Animals;Animals]
initiation,[Sports;Music]
healed,[Music;Sports]
juicier,[Technology;Technology;Books]
pickles,[Countries;Historical Events;Countries]
substations,[Famous People;Books]
clearance's,[Countries]
fumigates,[Movies]
Delmonico,[Movies;Sports]
recreated,[Famous People]
locavores,[Sports;Famous People]
headed,[Books;Technology;Movies]
electrocute,[Music;Animals]
visor's,[Movies]
crusty,[Famous People]
takes,[Books;Technology;Music]
differs,[Technology;Historical Events]
peroxiding,[Sports;Movies]
saltshakers,[Sports;Movies]
capstan,[Historical Events;Movies;Countries]
drink's,[Countries;Technology;Countries]
incarcerate,[Historical Events;Movies]
luridly,[Music;Famous People;Music]
intersecting,[Historical Events;Famous People]
oxygenating,[Sports;Music;Sports]
Nice,[Countries;Movies;Movies]
shillalah,[Food & Drink;Animals]
profits,[Music]
evidently,[Historical Events;Animals]
sunlamp,[Sports;Sports;Animals]
mild,[Movies]
marbling,[Famous People;Countries]
USDA,[Famous People]
pueblo's,[Books]
sunflower's,[Famous People]
hoteliers,[Animals]
AOL's,[Books]
fizzing,[Countries;Books]
deadbeat's,[Animals]
Hussite,[Technology;Books;Food & Drink]
playhouses,[Countries;Animals;Historical Events]
meticulously,[Food & Drink;Music;Food & Drink]
compressor's,[Sports]
telemeters,[Technology;Sports]
traders,[Technology;Music;Famous People]
witticism,[Technology;Technology;Music]
sliced,[Sports;Sports;Historical Events]
crowns,[Sports]
rebellious,[Technology]
sled,[Sports;Music]
roughly,[Food & Drink]
assembled,[Food & Drink;Books;Technology]
Young,[Music;Countries]
honouring,[Movies;Historical Events;Food & Drink]
curtains,[Sports;Books]
xvii,[Sports;Sports]
hairspring's,[Animals;Music;Historical Events]
Locke,[Countries;Food & Drink;Historical Events]
odourless,[Technology;Animals;Books]
Sterno's,[Food & Drink;Technology]
cannoning,[Famous People;Books]
crush's,[Movies;Famous People;Technology]
survivor's,[Famous People;Countries;Books]
halt,[Famous People;Countries;Music]
scribble,[Music;Sports;Animals]
validity's,[Historical Events]
Kyle,[Historical Events]
stymying,[Animals]
Islamic's,[Food & Drink;Historical Events]
physique,[Animals;Books]
sunburn,[Sports;Historical Events;Food & Drink]
deacon's,[Food & Drink;Food & Drink;Movies]
faithless,[Music]
possibility's,[Animals;Books]
tensing,[Animals;Countries;Famous People]
annoy,[Books;Countries;Technology]
Appalachians's,[Sports;Famous People;Food & Drink]
training's,[Books]
aria,[Food & Drink]
Delta's,[Food & Drink;Sports]
erupts,[Technology;Food & Drink;Animals]
eyeful's,[Animals;Countries;Countries]
macintoshes,[Famous People]
cartilage,[Technology;Food & Drink;Music]
Miskito's,[Technology]
thiamine's,[Food & Drink;Sports]
cosigning,[Technology;Sports]
poetically,[Famous People]
briar,[Food & Drink;Food & Drink]
Scotch's,[Historical Events]
statute,[Technology]
novae,[Sports;Movies;Books]
rhapsodize,[Sports;Music]
condenser,[Movies;Music]
acrimony,[Sports;Books;Music]
carouser,[Animals;Books;Sports]
littering,[Animals;Historical Events]
recapped,[Technology;Food & Drink]
whoosh,[Animals]
adhesion,[Famous People;Books;Technology]
sparest,[Books]
hammerheads,[Historical Events;Technology;Famous People]
chatty,[Sports]
antihistamine's,[Countries;Technology]
amateur's,[Sports;Technology]
Savoy,[Food & Drink;Famous People;Sports]
Madeline,[Countries;Animals]
reforming,[Books;Sports;Historical Events]
Dristan,[Famous People;Animals;Animals]
inflationary,[Countries]
tattletales,[Technology;Famous People]
Robbie's,[Animals;Movies]
antipathy,[Books]
tongues,[Historical Events]
interwoven,[Sports]
compacting,[Technology;Food & Drink]
constrictions,[Books;Historical Events]
karate,[Historical Events;Historical Events;Technology]
soling,[Sports;Technology]
commendable,[Music;Famous People]
streetwalker's,[Historical Events;Countries]
winching,[Countries;Food & Drink]
sophist's,[Books;Books;Food & Drink]
flotilla's,[Historical Events;Technology;Technology]
prevaricators,[Technology;Sports]
prescription's,[Animals;Music;Animals]
Jennings's,[Famous People;Animals]
revivalist,[Countries;Historical Events]
Greta,[Countries;Books]
coordinators,[Animals;Books;Famous People]
scotch,[Books;Technology;Sports]
Emile's,[Countries;Books]
sickbeds,[Countries]
trousseaus,[Famous People;Food & Drink;Food & Drink]
bluefish,[Countries;Countries;Food & Drink]
cornerstones,[Technology]
healer,[Famous People]
treasure's,[Sports]
Punjabi's,[Food & Drink]
dialling,[Music]
refreshing,[Countries;Books]
subsections,[Animals;Movies;Countries]
TX,[Animals;Animals;Technology]
poodles,[Countries;Movies;Famous People]
poached,[Technology;Technology;Countries]
lowed,[Books;Food & Drink]
mini's,[Books]
appeasers,[Food & Drink;Food & Drink;Historical Events]
masonry,[Technology;Countries;Famous People]
Mort,[Food & Drink]
Costello's,[Countries]
spinet,[Famous People;Historical Events;Famous People]
feat,[Technology]
Juliet,[Music;Books]
briquet's,[Sports;Books]
Denmark's,[Sports;Music;Countries]
batsman's,[Famous People;Technology;Technology]
egress's,[Sports]
Vern,[Sports]
performs,[Technology;Food & Drink;Famous People]
davenports,[Historical Events;Sports;Famous People]
determiner,[Books]
underhandedly,[Food & Drink]
haciendas,[Famous People;Movies;Music]
curie,[Famous People;Technology;Technology]
assembling,[Sports;Food & Drink;Sports]
pugnacious,[Historical Events]
folksy,[Food & Drink;Countries;Historical Events]
doubtful,[Music]
thermostat's,[Movies;Famous People;Music]
somnambulist,[Movies]
globes,[Historical Events;Technology]
Wiesenthal,[Countries]
repose,[Famous People]
yogourt,[Technology;Famous People;Famous People]
Quito,[Sports;Historical Events]
rebinds,[Countries]
vociferous,[Animals]
scrams,[Movies]
relapsed,[Movies]
sibling's,[Technology;Sports;Famous People]
philosophical,[Famous People]
outsiders,[Sports;Food & Drink;Books]
bivalve's,[Historical Events;Animals;Technology]
rope's,[Historical Events;Books;Music]
popularized,[Food & Drink]
Augsburg,[Books;Books]
lifeguard's,[Sports;Countries]
childbearing's,[Historical Events;Technology;Technology]
avenue's,[Music]
yoghourts,[Music;Music]
DAT's,[Countries;Technology;Sports]
saunter's,[Animals;Historical Events;Animals]
drawstring's,[Movies;Books]
Tums,[Movies;Famous People]
illus,[Sports]
disregard,[Music;Books]
Conway,[Animals;Historical Events;Movies]
banister,[Books;Animals;Historical Events]
oarsmen,[Movies]
acquiescence's,[Books]
Tessie's,[Movies]
creaminess,[Animals]
pinup,[Books;Movies]
Hooper,[Movies]
Schwarzkopf's,[Books;Famous People;Animals]
stuff,[Technology;Music;Famous People]
quartermasters,[Music;Food & Drink;Movies]
Olsen,[Books]
fated,[Famous People;Technology;Countries]
potpie,[Technology;Famous People]
trimness's,[Historical Events;Historical Events;Animals]
oral,[Famous People;Countries]
Kanchenjunga,[Historical Events;Sports]
Torrens's,[Sports]
burgher,[Books]
mummification,[Countries;Music]
outfielders,[Countries;Countries;Countries]
union,[Music;Music]
undulating,[Movies;Famous People;Technology]
broadcasting,[Famous People]
dentist's,[Books;Historical Events;Books]
Jayawardene's,[Books]
fourthly,[Movies]
suffragans,[Countries;Movies]
schoolyard,[Movies]
dims,[Movies;Books;Technology]
terrifyingly,[Historical Events;Sports]
calmness,[Sports;Famous People]
Rubbermaid's,[Historical Events;Countries]
appal,[Animals]
sagas,[Movies;Countries]
porthole's,[Countries;Sports]
medals,[Famous People;Animals]
banquet's,[Movies;Movies;Sports]
conspiring,[Music;Famous People]
irradiation,[Countries]
deduct,[Countries;Movies;Famous People]
coifing,[Movies;Historical Events]
plebiscites,[Food & Drink;Technology]
edifice's,[Food & Drink]
transatlantic,[Famous People;Historical Events]
meadows,[Books]
harp's,[Sports]
bouillon,[Food & Drink]
Onondaga's,[Food & Drink;Technology;Animals]
paralytic's,[Countries]
vulnerable,[Food & Drink]
bushman's,[Animals]
oceanographers,[Movies;Animals]
courses,[Technology;Music]
earliest,[Music]
forewent,[Movies;Food & Drink;Books]
ringer's,[Technology]
popinjay,[Food & Drink;Food & Drink]
quietus,[Books;Technology]
snowmobiling,[Food & Drink]
pylon's,[Countries]
Fox,[Books;Technology]
fictionalize,[Animals;Technology;Books]
russets,[Animals;Music]
sauce's,[Movies;Sports;Movies]
ditto,[Technology;Historical Events;Technology]
hammed,[Food & Drink;Animals]
choreograph,[Historical Events;Technology;Technology]
adjurations,[Animals;Food & Drink]
veritable,[Historical Events;Animals;Movies]
calms,[Historical Events;Famous People;Books]
Costner,[Sports;Animals;Music]
admires,[Famous People]
Delacruz,[Movies;Countries]
forward,[Movies;Food & Drink;Technology]
peculiarly,[Historical Events;Famous People]
performance,[Books]
Bloomingdale's,[Books;Countries]
whatsoever,[Countries]
yearbooks,[Countries]
koshers,[Technology;Music]
Fragonard,[Sports;Sports;Technology]
desensitization's,[Countries]
textbook,[Sports;Sports;Music]
gassier,[Historical Events;Technology]
tendril,[Countries;Technology]
Joanne,[Food & Drink;Books;Countries]
sandbanks,[Movies;Books]
carving,[Music;Books;Movies]
holograph,[Sports]
yogourt's,[Animals;Animals]
unclearest,[Animals]
vocalize,[Countries;Sports;Books]
devours,[Countries]
nixed,[Famous People;Technology;Famous People]
comport,[Food & Drink;Sports]
hot,[Sports;Countries;Famous People]
Vulgates,[Movies]
second's,[Books;Books;Food & Drink]
assemblage's,[Movies;Sports;Animals]
salt's,[Technology;Animals;Sports]
philharmonic,[Technology;Movies]
solitaire's,[Sports;Movies;Books]
jaywalked,[Sports]
motleys,[Technology]
indenture,[Movies;Movies]
dreadful,[Countries;Countries;Sports]
twill,[Food & Drink]
clarity,[Music]
pilothouses,[Food & Drink]
Oedipal's,[Famous People;Technology;Technology]
Oaxaca,[Music;Movies]
buckshot's,[Movies]
bishops,[Music]
manifold's,[Movies;Countries]
Bernardo,[Movies]
crossbreeds,[Historical Events;Animals]
amateurs,[Famous People]
influenza's,[Countries;Countries]
Revelations's,[Movies]
Kristine's,[Historical Events;Food & Drink;Sports]
blasters,[Countries]
throwers,[Animals;Countries;Technology]
flunks,[Music;Music]
Benelux's,[Books;Famous People]
Hay's,[Animals;Food & Drink;Countries]
fleshes,[Food & Drink;Sports]
necked,[Historical Events;Historical Events]
jolt's,[Food & Drink]
hoedown's,[Historical Events;Movies;Food & Drink]
advantaged,[Music;Historical Events]
clog,[Historical Events]
cunt,[Historical Events;Historical Events;Countries]
chauvinism,[Countries]
virginity's,[Books;Music]
Rangoon's,[Sports]
amputees,[Animals;Food & Drink;Historical Events]
Ellen's,[Countries]
Matilda,[Countries;Technology;Countries]
clarion,[Movies;Music]
infuriates,[Music;Technology;Sports]
seethes,[Countries;Countries]
trolleys,[Famous People;Technology]
overjoys,[Animals;Famous People]
Gog's,[Music]
caregiver's,[Music;Animals]
contumelies,[Sports]
Lister's,[Countries;Music;Food & Drink]
Dvina,[Countries]
prefix,[Movies;Animals]
Gethsemane's,[Animals;Food & Drink]
Sara's,[Books;Technology]
explicitly,[Books]
Ameslan's,[Countries;Technology;Movies]
transfixes,[Sports]
warder,[Movies]
grandchild's,[Countries;Famous People;Technology]
misgoverns,[Music;Countries]
Phekda's,[Food & Drink;Sports;Sports]
peripheral,[Technology]
warfare's,[Food & Drink]
rectal,[Movies;Music;Sports]
slaughterhouses,[Famous People;Countries]
synchronizations,[Food & Drink;Historical Events;Historical Events]
faltered,[Sports]
Page's,[Sports;Technology]
Meg,[Animals]
tactic's,[Countries;Technology]
germanium's,[Food & Drink;Animals;Famous People]
crucifix's,[Movies]
copiers,[Famous People]
bachelor's,[Sports;Animals;Famous People]
Rozelle,[Animals]
QA,[Music;Historical Events]
fugitive,[Music]
ferociousness,[Countries;Food & Drink]
multiplayer,[Music;Sports;Animals]
recollections,[Countries]
crimps,[Books]
curling,[Countries]
processioning,[Countries;Technology;Movies]
deadly,[Music;Food & Drink]
raconteurs,[Movies;Books]
accusation's,[Animals]
tramping,[Technology]
Skylab,[Famous People;Famous People;Famous People]
foresail's,[Music]
amaranth's,[Movies;Countries]
Louisianian's,[Music;Famous People]
bowdlerized,[Countries;Movies;Animals]
pediatrics's,[Movies;Technology]
decanter,[Technology;Famous People]
sunlit,[Countries]
tuner,[Historical Events]
conservative's,[Technology]
valley,[Movies]
shipbuilder's,[Countries;Music;Famous People]
fl,[Famous People;Books;Books]
crams,[Technology;Movies]
seminaries,[Books]
mathematicians,[Animals;Technology]
imbibing,[Technology;Sports]
collar's,[Sports;Food & Drink;Countries]
fertility's,[Historical Events]
lichen's,[Famous People]
muslin's,[Books;Food & Drink;Music]
freebooter's,[Countries;Sports;Music]
semifinal's,[Food & Drink]
minnows,[Music;Movies;Countries]
tabling,[Books;Music]
sic,[Countries;Historical Events]
Cameroon's,[Books]
Brigitte,[Food & Drink;Books;Sports]
addressable,[Countries;Music]
duo,[Movies;Books]
inadvertence's,[Historical Events]
kibitzing,[Sports;Countries]
homilies,[Countries;Animals]
firecracker,[Sports]
enforcer's,[Books]
tunics,[Movies;Famous People;Countries]
atelier's,[Historical Events;Historical Events]
entombed,[Music;Sports]
thigh,[Movies;Historical Events]
evil's,[Sports]
deal's,[Countries;Famous People]
Negros,[Countries;Food & Drink]
rheum's,[Famous People;Sports]
Morrow's,[Music;Movies;Sports]
decontaminating,[Movies]
settee's,[Food & Drink;Movies;Countries]
handrail,[Food & Drink;Music]
lechers,[Sports;Movies;Countries]
appointment's,[Music;Historical Events]
harmonize,[Music;Animals]
collectible's,[Animals;Famous People]
housewives,[Music;Books]
niggardliness,[Technology;Historical Events;Movies]
fed,[Music;Technology]
appear,[Food & Drink;Technology;Historical Events]
wiriness,[Historical Events;Famous People;Countries]
resolutions,[Books;Movies;Food & Drink]
voiced,[Historical Events;Music;Food & Drink]
tear,[Countries;Animals]
vulgarity,[Movies;Books;Music]
chaplet,[Movies;Historical Events;Sports]
hogshead,[Music;Music;Food & Drink]
hatchets,[Movies;Technology]
paunch's,[Animals;Technology]
Josie,[Books;Technology;Animals]
substantiated,[Historical Events]
slowdown,[Animals;Sports]
aardvarks,[Movies;Food & Drink;Animals]
unsavoury,[Movies;Music]
condo,[Famous People;Sports]
Pribilof,[Books;Countries;Countries]
longevity,[Famous People;Famous People]
whelk's,[Sports;Famous People]
Boniface,[Sports;Movies;Historical Events]
deemed,[Animals;Countries]
Hargreaves's,[Food & Drink;Music;Food & Drink]
coincidence,[Music;Historical Events;Famous People]
Mayfair's,[Books;Sports;Books]
Lichtenstein,[Animals;Technology;Food & Drink]
copulates,[Animals;Movies]
visits,[Books;Books;Food & Drink]
stomp's,[Movies]
swordsmen,[Famous People]
meringue,[Technology;Technology;Books]
milksop's,[Books;Books;Countries]
injustices,[Books;Music]
garret's,[Technology]
kite,[Music;Animals]
cantaloup's,[Music]
Amaru,[Music]
exculpate,[Sports]
temblors,[Movies]
boysenberry,[Historical Events]
Vladimir's,[Books;Animals;Food & Drink]
elocution,[Countries;Music]
substitution's,[Animals;Historical Events;Countries]
DP's,[Countries;Music;Food & Drink]
hold's,[Technology;Music;Famous People]
parsons,[Historical Events;Books;Books]
eighty's,[Animals;Famous People;Movies]
Rooney's,[Technology;Animals;Food & Drink]
migraines,[Sports;Movies]
mason's,[Food & Drink;Movies]
beside,[Food & Drink]
Wahhabi's,[Sports]
prosecutions,[Famous People;Famous People]
skunks,[Technology;Animals;Books]
inclined,[Books;Movies]
disquisitions,[Food & Drink;Books;Food & Drink]
grumpier,[Famous People;Sports;Technology]
skimping,[Famous People]
peeving,[Animals;Food & Drink;Historical Events]
sprawl,[Movies;Famous People;Famous People]
Romanies,[Historical Events]
Oct's,[Historical Events;Food & Drink]
iridescence,[Books;Famous People;Movies]
frolicking,[Countries;Countries;Historical Events]
encroaching,[Technology]
blabbermouth,[Famous People;Technology;Famous People]
cadenza's,[Famous People;Countries]
Upton's,[Famous People]
nozzle,[Books;Food & Drink]
romps,[Food & Drink;Animals]
straggle,[Famous People]
snottier,[Music]
western's,[Historical Events]
clipt,[Countries;Technology;Famous People]
twinning,[Countries;Movies;Animals]
fabled,[Technology]
gallant's,[Animals]
dogmatism's,[Historical Events;Countries;Technology]
crozier's,[Famous People;Movies]
infertility,[Music;Famous People;Animals]
accountant's,[Food & Drink;Animals;Famous People]
polygons,[Famous People;Food & Drink;Food & Drink]
Medici's,[Historical Events]
sweetie's,[Historical Events;Books]
disengaging,[Famous People;Food & Drink]
fairs,[Music]
smithereens,[Food & Drink]
unicorn,[Historical Events;Sports;Food & Drink]
straws,[Books]
grimmest,[Sports;Music]
Edwina,[Famous People]
Borglum's,[Technology;Animals;Food & Drink]
deciphering,[Technology]
manifolding,[Animals]
objective,[Music;Countries]
fear's,[Sports;Music;Movies]
supersede,[Technology;Animals]
lily's,[Music;Movies]
laburnum's,[Music;Music]
horrifying,[Movies;Books;Historical Events]
childproof,[Animals;Movies]
exculpated,[Historical Events;Books;Sports]
duplicity,[Famous People]
personification,[Sports]
Egyptian,[Technology;Books]
total,[Famous People;Books;Sports]
topmasts,[Countries]
gaslight's,[Sports;Animals;Countries]
Exodus,[Books]
bunt,[Food & Drink;Historical Events]
biretta,[Movies;Movies;Technology]
womanhood,[Famous People;Books;Books]
inexperience,[Famous People;Historical Events;Animals]
footnoting,[Historical Events;Movies]
alarmist,[Food & Drink;Countries;Sports]
bowman's,[Historical Events]
turbojet's,[Countries]
deli,[Famous People]
friction,[Food & Drink;Technology;Historical Events]
godchildren,[Technology]
noun's,[Technology;Movies]
pussyfooting,[Movies]
outlaw's,[Music]
Diefenbaker,[Countries;Food & Drink;Historical Events]
exulting,[Food & Drink;Famous People]
gazes,[Music;Sports]
decorate,[Music;Sports]
polonium,[Music]
dauber's,[Movies]
Zimbabwe's,[Famous People]
artillery,[Sports]
height,[Animals;Famous People]
maimed,[Famous People;Famous People;Animals]
Chimborazo's,[Movies;Music]
garrulous,[Historical Events;Books;Famous People]
electrolytic,[Famous People]
Slashdot's,[Movies;Historical Events;Countries]
busyness,[Countries;Historical Events]
advertised,[Historical Events;Countries]
vociferation,[Books;Movies]
salamander,[Sports;Books]
unashamedly,[Movies]
luminosity's,[Music]
excluded,[Famous People;Books]
extractors,[Famous People;Famous People;Famous People]
togetherness,[Historical Events]
briefly,[Animals;Music;Movies]
herbalists,[Countries;Movies]
overreaction,[Sports]
arrivals,[Historical Events]
scruffs,[Famous People;Countries;Books]
whispered,[Technology;Animals;Food & Drink]
delicatessen's,[Countries]
ember's,[Technology]
hookah,[Sports;Movies;Books]
quart,[Famous People]
wilts,[Food & Drink;Historical Events]
worshipped,[Animals]
dungeon,[Music;Music;Technology]
satchels,[Movies;Sports;Music]
signified,[Technology;Famous People]
jockeying,[Food & Drink]
excuse's,[Animals]
graciousness,[Books]
Sc's,[Food & Drink]
ragouts,[Sports;Movies;Animals]
abducting,[Sports;Music]
prosthesis,[Music;Technology;Animals]
staffed,[Animals;Technology]
verdigris's,[Books]
milers,[Technology;Music;Technology]
summit,[Historical Events;Technology]
waved,[Famous People]
Darius,[Movies;Historical Events]
propelled,[Music;Sports]
propitiate,[Technology;Food & Drink]
lenders,[Technology]
duet,[Technology]
demurred,[Music;Movies]
brighten,[Food & Drink]
fulmination,[Countries;Technology;Countries]
laboratory,[Movies]
lightninged,[Famous People]
Johnson's,[Animals]
lobsters,[Historical Events;Music]
quivering,[Technology;Countries;Technology]
Rand,[Famous People;Movies;Music]
advertiser's,[Food & Drink]
ennoble,[Food & Drink;Movies]
stingily,[Countries;Historical Events]
transitional,[Famous People;Movies]
fearfulness,[Famous People;Famous People;Animals]
pygmy,[Countries]
alb,[Sports;Famous People;Famous People]
luau,[Sports;Sports]
advantageously,[Books;Food & Drink]
anthologized,[Countries;Sports;Historical Events]
balds,[Countries]
languishes,[Technology;Famous People]
hierarchy's,[Sports;Food & Drink]
proposition,[Famous People]
unfairness,[Movies]
pocket's,[Technology;Music;Books]
shelf's,[Music]
hereabouts,[Technology;Sports;Food & Drink]
haberdashers,[Sports;Technology]
dominating,[Countries]
fishwife,[Food & Drink;Technology;Movies]
cosponsoring,[Historical Events]
Heyerdahl,[Books;Historical Events]
Montpelier's,[Technology;Food & Drink]
Mandrell's,[Countries;Music;Famous People]
vitiating,[Food & Drink;Books;Music]
examined,[Famous People;Movies]
essentially,[Historical Events;Movies;Countries]
quash,[Historical Events;Sports;Food & Drink]
Waterford,[Famous People]
indelibly,[Animals;Animals;Music]
clod's,[Technology]
symptoms,[Animals;Famous People;Food & Drink]
liberal,[Famous People;Technology;Technology]
vi,[Food & Drink;Technology;Famous People]
divulged,[Animals]
Aztecs,[Books;Books]
nicotine,[Famous People;Movies;Historical Events]
watercolors,[Books]
toads,[Famous People;Music;Countries]
Niger's,[Famous People;Food & Drink;Countries]
refits,[Movies]
Gestapo,[Music]
phonetician,[Technology]
bummest,[Technology;Music]
unification,[Food & Drink;Movies]
gymnasts,[Music]
builds,[Historical Events;Famous People;Movies]
unambiguously,[Famous People;Historical Events]
buyout,[Sports;Food & Drink;Technology]
carnelian's,[Books]
nuke,[Food & Drink;Famous People;Animals]
Kodak,[Animals]
Suleiman,[Countries]
submerge,[Technology]
longs,[Books;Books]
Linus,[Technology]
hoodooing,[Historical Events;Music;Historical Events]
Exercycle,[Music]
mascaras,[Historical Events;Music]
purveyed,[Historical Events;Music;Animals]
abbreviation,[Animals;Technology]
megahertz's,[Sports;Movies]
wham's,[Animals;Countries]
At's,[Historical Events;Historical Events;Historical Events]
psychologists,[Countries;Sports]
PC's,[Historical Events;Animals;Music]
judicial,[Famous People]
Finn,[Animals;Food & Drink;Countries]
Mona,[Technology;Movies]
deeds,[Animals]
duvet,[Books;Music;Sports]
notarised,[Animals;Technology;Animals]
ore,[Historical Events;Countries]
leukocyte,[Animals;Books]
turntables,[Food & Drink]
kinship,[Countries;Movies;Historical Events]
oboist,[Music]
Curie,[Famous People;Technology;Movies]
cargo,[Food & Drink]
theorist's,[Books]
Kenyon,[Countries;Music]
Gogol,[Animals;Historical Events;Sports]
biographer,[Historical Events;Historical Events;Music]
moldiness,[Books;Technology;Music]
wen,[Historical Events]
primmest,[Food & Drink;Books;Historical Events]
Mfume's,[Technology;Historical Events;Historical Events]
newspapermen,[Sports;Technology]
fleeced,[Sports;Sports]
Rubicon's,[Sports]
desalination,[Music;Historical Events;Food & Drink]
conciliation's,[Countries;Technology;Famous People]
Bardeen's,[Technology;Famous People;Books]
amateurish,[Technology;Music]
democracy,[Countries;Music;Sports]
melons,[Technology;Famous People;Countries]
Flintstones,[Famous People]
biker,[Historical Events;Animals;Sports]
backgrounds,[Food & Drink]
dignity,[Movies;Books;Countries]
Anatolia's,[Books;Famous People]
fireplace's,[Sports;Countries;Technology]
whaler,[Technology]
delphinium,[Books]
magnets,[Technology;Famous People]
showoff's,[Countries;Animals]
bionic,[Technology]
dinkiest,[Famous People;Historical Events]
repeaters,[Countries;Food & Drink;Animals]
compulsories,[Food & Drink;Historical Events;Movies]
Balboa's,[Famous People;Animals]
indicators,[Countries]
refectory,[Food & Drink]
greed,[Animals;Movies;Animals]
juiced,[Movies]
booby's,[Countries;Music;Movies]
overturn,[Technology]
consumption,[Countries]
nondescript,[Books]
bullet,[Animals;Countries;Sports]
Flynn's,[Music;Movies]
Raul,[Movies]
troublemaker's,[Animals;Animals]
tenet's,[Books;Food & Drink]
impious,[Countries;Sports]
mobilizes,[Music;Food & Drink;Sports]
pianoforte's,[Historical Events;Technology;Books]
toiletries,[Countries]
oriental's,[Books;Countries]
exclude,[Food & Drink]
prevented,[Technology;Historical Events]
prevent,[Countries]
Johnnie,[Famous People;Movies;Music]
Greeks,[Countries;Movies]
crashed,[Technology;Food & Drink]
homophone,[Music]
subsidy,[Countries;Movies]
dunner,[Food & Drink;Historical Events;Food & Drink]
verity,[Food & Drink;Movies;Sports]
Chris's,[Music]
items,[Countries]
unreserved,[Books]
brandish,[Famous People;Food & Drink]
balladeer's,[Books]
pleasurable,[Historical Events]
storied,[Music]
Walgreen,[Technology;Animals;Historical Events]
escapade,[Music]
pitiably,[Food & Drink]
whirlpool's,[Food & Drink;Music]
inconveniencing,[Sports;Food & Drink]
McClellan,[Countries;Music]
diversification,[Music]
strangulation's,[Countries;Animals]
diseases,[Books]
Hamilton's,[Food & Drink]
bogies,[Music;Books;Books]
probing,[Sports;Countries;Technology]
scratchiest,[Food & Drink;Sports;Famous People]
forklifts,[Countries;Sports;Movies]
pended,[Movies]
snails,[Countries;Famous People;Food & Drink]
handbag,[Famous People]
invertebrate,[Famous People;Sports]
let,[Technology]
Felipe,[Famous People;Famous People;Famous People]
cartel's,[Historical Events]
serialized,[Famous People;Food & Drink;Books]
awareness,[Animals;Technology;Movies]
breakup's,[Books;Food & Drink;Animals]
barley's,[Sports;Music]
whacked,[Books;Animals]
incompatibility's,[Technology]
craters,[Sports;Movies]
abortionists,[Movies]
Britten's,[Books;Books;Music]
republicanism,[Books;Countries]
Schiller,[Movies;Music;Sports]
grimacing,[Food & Drink;Animals]
parlance's,[Music;Food & Drink]
clarinet,[Books;Sports;Historical Events]
namely,[Movies;Books;Sports]
regionalism,[Movies;Sports;Historical Events]
ostentatiously,[Technology]
Misty,[Food & Drink;Countries;Famous People]
edict,[Sports;Historical Events;Movies]
Manley,[Countries;Countries]
guardian's,[Famous People]
Molina's,[Music;Sports]
Matthew's,[Movies;Countries]
vellum's,[Movies;Countries;Countries]
binomial's,[Animals;Historical Events]
cremated,[Food & Drink;Historical Events]
hairdressing's,[Food & Drink]
tremolo,[Movies;Sports;Food & Drink]
Sat's,[Movies;Countries;Countries]
competes,[Movies;Famous People]
convulsion,[Movies;Countries;Movies]
bungler,[Countries]
Jimmie's,[Movies;Books]
Remus,[Sports]
fluoresced,[Countries]
Lupe,[Sports;Food & Drink]
Leghorn's,[Famous People]
hallucinogenic,[Food & Drink;Movies;Animals]
hacktivist's,[Famous People]
lasted,[Animals;Sports;Technology]
lastly,[Food & Drink;Books;Animals]
bayonetted,[Food & Drink;Technology]
bucktooth's,[Famous People;Sports]
Laocoon,[Animals;Sports]
Lavoisier,[Food & Drink;Technology]
shame's,[Famous People]
moratorium,[Historical Events;Books;Historical Events]
Marylou,[Historical Events;Animals;Technology]
collector's,[Historical Events]
Yakut,[Movies;Books]
meridian,[Technology]
Syriac,[Movies;Famous People;Countries]
ascension,[Historical Events;Technology]
underneath,[Movies;Food & Drink]
facsimiles,[Sports;Historical Events;Countries]
Jaycee's,[Movies;Food & Drink]
percussionist's,[Animals;Music;Books]
whirred,[Historical Events;Food & Drink;Animals]
decedent,[Animals;Technology;Music]
condoled,[Books;Books;Countries]
poltergeists,[Historical Events;Historical Events]
mocked,[Movies;Countries]
scapulae,[Technology;Technology]
pouch's,[Books;Technology;Technology]
Sudanese's,[Food & Drink;Countries]
Osgood,[Countries]
froggings,[Technology]
breather's,[Historical Events;Sports;Sports]
gulches,[Famous People;Sports]
intuiting,[Technology;Animals]
Menkent's,[Books;Animals]
smidge,[Sports;Books]
Volga,[Historical Events;Historical Events]
cognomens,[Technology;Famous People]
inestimable,[Sports;Music]
orientation,[Movies;Movies]
Junior's,[Animals]
clothespin,[Famous People;Technology]
individualistic,[Historical Events]
hangmen,[Music;Movies]
bathrooms,[Historical Events;Historical Events;Movies]
litanies,[Famous People]
Gross's,[Music]
midwifes,[Animals;Famous People;Sports]
reroutes,[Technology]
infantry,[Food & Drink;Technology;Animals]
helix's,[Music]
sealskin's,[Music;Countries;Countries]
AM's,[Music;Books]
derringers,[Historical Events;Food & Drink;Technology]
Reynaldo,[Music]
frisking,[Animals]
sensed,[Historical Events;Countries]
igneous,[Animals;Movies]
chiropractics,[Books;Technology]
kismet,[Sports;Music]
boozier,[Movies]
hallucinate,[Sports]
catcall,[Movies;Animals]
cheater's,[Countries]
stupendously,[Food & Drink;Food & Drink;Books]
preposterously,[Sports;Historical Events;Sports]
Menkar's,[Countries]
jazzes,[Countries;Countries]
playact,[Animals;Food & Drink;Sports]
exhaust,[Historical Events;Countries]
kg,[Animals;Animals;Countries]
engagements,[Music;Books]
climaxes,[Famous People;Technology]
scribble,[Sports;Countries]
parolee's,[Sports;Movies;Movies]
blueprinting,[Famous People;Animals]
Castillo,[Sports]
township's,[Sports;Movies]
aspirated,[Famous People;Sports;Food & Drink]
sailor's,[Food & Drink;Technology;Movies]
marquis's,[Music;Books;Sports]
prohibition's,[Sports;Countries;Books]
Sennett's,[Books;Food & Drink;Countries]
Audubon,[Books;Sports]
uniforms,[Food & Drink]
Georgia's,[Technology;Music]
pickups,[Books;Movies]
progesterone,[Music;Sports]
horsepower's,[Food & Drink;Historical Events]
squirting,[Food & Drink;Movies;Movies]
colic's,[Books;Music]
raillery's,[Food & Drink;Music;Countries]
moiety,[Food & Drink]
bedecking,[Famous People;Animals;Famous People]
machination,[Books;Music;Historical Events]
ascents,[Historical Events]
sparsest,[Technology;Sports]
Karo,[Animals;Food & Drink]
evokes,[Famous People;Music;Animals]
burglarizing,[Movies;Books]
sackful,[Technology]
wieners,[Movies;Sports]
leatherneck,[Animals;Historical Events;Technology]
partiality,[Historical Events;Books]
Hettie's,[Books]
oversampling,[Books]
infinitesimally,[Historical Events]
Anacreon's,[Animals]
catchword's,[Countries]
below,[Animals]
disposable's,[Food & Drink;Food & Drink]
Ramada's,[Famous People]
Stan's,[Historical Events]
wallows,[Books]
fluorocarbons,[Famous People]
ligament's,[Books;Historical Events;Technology]
truncates,[Books]
subscribes,[Books]
intertwining,[Technology]
overspill,[Countries;Food & Drink]
cogently,[Historical Events]
deterrents,[Countries]
cub's,[Sports;Countries]
inter,[Famous People;Sports]
Mao,[Movies;Technology]
Leakey's,[Historical Events;Books;Historical Events]
eats,[Music;Famous People;Music]
melodrama's,[Food & Drink;Sports;Famous People]
opposites,[Famous People;Music;Food & Drink]
Lupercalia,[Historical Events]
deliriously,[Music]
obligating,[Historical Events;Famous People]
ticks,[Technology;Sports]
fax,[Technology]
whisky,[Animals;Technology]
lumber's,[Animals;Countries;Famous People]
menstruate,[Music;Sports;Music]
ugly,[Animals;Animals]
excusing,[Music;Technology]
steadying,[Technology;Technology;Books]
varmint,[Famous People]
uncles,[Books;Food & Drink;Countries]
BTU,[Food & Drink]
enhancing,[Historical Events;Technology]
aggressive,[Countries]
crude,[Famous People;Food & Drink]
defeatism,[Technology;Sports;Food & Drink]
nibbled,[Famous People;Sports]
aberration's,[Animals]
oasis's,[Technology]
error's,[Countries]
Dare,[Animals;Sports]
ovens,[Movies;Movies]
barrage's,[Sports;Books]
Medan's,[Music]
dinned,[Movies]
architectures,[Historical Events]
suburbia's,[Music;Countries]
gingkoes,[Technology]
arranging,[Historical Events]
toiletries,[Music;Food & Drink;Sports]
parenthesizes,[Books;Food & Drink]
collocations,[Movies]
photoing,[Technology]
Leopold,[Movies;Countries]
Copland's,[Books;Food & Drink]
heartburn's,[Sports]
grackles,[Technology;Food & Drink]
Zest,[Animals;Historical Events;Sports]
parakeet,[Sports]
fawn,[Historical Events;Technology]
shrewdness,[Movies;Books]
epidermal,[Famous People;Music]
classified,[Sports;Historical Events]
crayola,[Animals]
parsimony,[Famous People;Countries;Movies]
bastards,[Famous People;Technology]
Sui,[Animals]
slenderized,[Movies]
jostling,[Sports;Historical Events;Books]
payee's,[Famous People;Food & Drink]
Yakutsk's,[Books;Sports]
overtake,[Animals]
Darwinian,[Animals]
Advil's,[Food & Drink;Sports]
decanters,[Sports]
perpetual's,[Famous People;Famous People]
taciturnity's,[Books;Food & Drink;Food & Drink]
Bannister's,[Movies]
Superman,[Books;Famous People]
Delicious,[Famous People;Food & Drink]
pullout's,[Animals;Historical Events;Historical Events]
glazes,[Animals]
Mashhad's,[Historical Events]
organization's,[Countries;Famous People;Animals]
projectionist,[Sports]
phreaking,[Famous People]
ordure's,[Sports;Technology;Technology]
jugular,[Food & Drink;Technology;Music]
Ampere,[Countries]
playbill's,[Books;Famous People]
Galatia,[Historical Events;Music;Animals]
Elnath,[Sports;Historical Events;Animals]
shrimp,[Sports;Historical Events;Countries]
clickable,[Books]
punctuality,[Books;Books;Animals]
automata,[Food & Drink]
Ximenes,[Books;Movies]
oblation's,[Countries;Technology;Sports]
tragically,[Famous People;Animals;Music]
am,[Music;Sports]
Caiaphas's,[Historical Events;Technology]
pushup,[Technology;Sports;Countries]
underwriters,[Movies;Food & Drink]
sculptures,[Books;Sports;Famous People]
Tigris,[Countries;Historical Events;Movies]
wigwags,[Animals;Historical Events;Movies]
hellhole's,[Animals;Countries;Music]
sickeningly,[Music]
newness's,[Food & Drink]
Tuamotu's,[Movies]
Narcissus's,[Famous People;Historical Events;Movies]
amusingly,[Famous People;Movies]
weak,[Famous People;Sports;Technology]
Hale's,[Music;Sports;Music]
bracketing,[Sports;Food & Drink]
expiated,[Historical Events;Famous People]
sextet,[Music;Food & Drink;Technology]
Kasai's,[Music;Countries]
Halliburton,[Sports]
waiver's,[Technology;Countries;Countries]
accordion's,[Music;Historical Events;Food & Drink]
illegible,[Technology]
pshaw,[Countries]
gravelly,[Music;Food & Drink;Animals]
leader,[Famous People;Famous People]
Thoroughbred,[Historical Events;Countries;Historical Events]
Ruben,[Famous People;Animals;Sports]
innuendo,[Books;Technology]
encountering,[Food & Drink;Countries]
thence,[Technology]
telegraphy,[Animals;Technology;Sports]
cudgels,[Historical Events;Books]
jumped,[Movies]
seraph,[Food & Drink;Technology;Books]
machines,[Technology]
peroxide's,[Animals;Famous People;Famous People]
screwball,[Technology]
emphasizing,[Sports;Historical Events;Books]
girl,[Sports;Food & Drink;Sports]
sluggishness,[Sports;Historical Events]
jested,[Famous People;Food & Drink;Movies]
punches,[Countries]
semiweekly's,[Countries]
Francisco,[Countries;Historical Events;Historical Events]
overdraw,[Books;Movies;Countries]
nope,[Famous People]
repairing,[Historical Events;Music;Books]
retread,[Books]
tram,[Books]
infiltration,[Movies]
outlays,[Historical Events;Animals]
adjustments,[Music;Music;Countries]
consort,[Food & Drink]
butterfly,[Sports;Animals]
hot,[Movies]
plenitude's,[Countries;Historical Events;Animals]
Media,[Sports]
bedlam,[Famous People;Books]
Taejon's,[Animals;Technology;Food & Drink]
manicured,[Animals;Food & Drink]
imagery,[Famous People;Famous People]
wrapped,[Countries;Countries;Technology]
Lamborghini,[Books]
Dürer,[Sports;Famous People;Famous People]
bankers,[Countries]
individualized,[Famous People;Books;Historical Events]
pauperism,[Historical Events;Music;Sports]
decking,[Famous People]
deiced,[Animals]
typographer's,[Technology;Countries]
geopolitics,[Famous People]
tendentiously,[Movies]
forensic,[Technology]
virulence,[Books]
waste,[Countries;Movies;Animals]
motel,[Food & Drink]
signet's,[Movies;Technology;Historical Events]
Agra's,[Movies]
Tell's,[Technology;Historical Events]
barbell's,[Countries;Sports]
Waksman,[Countries]
superficially,[Countries]
squeegees,[Famous People;Countries]
answering,[Technology]
Chicago's,[Countries;Movies;Famous People]
yellow,[Sports;Countries]
Esperanza's,[Historical Events;Famous People]
Cairo,[Technology;Movies]
Madagascan's,[Books;Music]
actuated,[Food & Drink;Countries;Music]
stretcher's,[Movies]
germanium's,[Animals;Music]
Congregationalist's,[Technology;Music]
reversing,[Countries;Technology]
murkier,[Animals]
sheeting's,[Books;Animals;Technology]
conferencing,[Books;Famous People;Countries]
FYI,[Food & Drink;Animals]
billowy,[Food & Drink;Sports;Food & Drink]
louvers,[Historical Events;Technology;Technology]
Mount,[Music;Animals]
Wells,[Sports;Famous People;Countries]
counts,[Famous People;Food & Drink]
sombrero's,[Technology]
Miltown's,[Books;Books]
cheetah,[Historical Events]
reorganized,[Historical Events]
magistrates,[Historical Events]
Sidney,[Animals]
confrontation's,[Animals;Movies;Food & Drink]
Floridan's,[Countries;Food & Drink]
Regulus,[Food & Drink]
Tartary,[Music;Movies]
frighted,[Countries;Famous People;Food & Drink]
insubstantial,[Technology]
nuked,[Famous People]
writing's,[Sports;Famous People;Books]
regent,[Sports;Countries]
Latvian's,[Books]
rescheduled,[Movies;Animals]
rustproofs,[Food & Drink;Countries;Sports]
jackrabbits,[Movies;Books]
xylophones,[Food & Drink;Animals]
next,[Animals;Historical Events]
spyglass,[Countries;Technology]
cornflower,[Technology;Sports]
unquestionable,[Famous People;Sports]
quadratic,[Historical Events]
backdating,[Movies;Books]
fantasies,[Books]
inherited,[Books]
Sondra's,[Sports]
ethnology's,[Technology;Sports;Movies]
astronomically,[Books;Books]
individuality,[Animals;Books;Books]
Saginaw,[Famous People;Famous People;Sports]
TOEFL,[Music;Famous People;Music]
Erlang,[Animals;Movies]
flimsier,[Historical Events;Animals;Music]
Aurelia's,[Technology]
suspected,[Music]
chromed,[Countries;Countries]
Pablum,[Sports]
Victorian,[Music;Movies;Music]
disables,[Famous People]
saver's,[Countries;Food & Drink]
Frye's,[Countries;Technology;Sports]
Matthews,[Famous People;Countries]
splodge,[Famous People]
murderously,[Sports;Food & Drink;Books]
heartbeat,[Books;Famous People]
arrive,[Food & Drink;Technology]
crackpot's,[Movies;Music]
deplaning,[Historical Events;Music]
abusively,[Music]
handsomest,[Sports;Books]
Shylockian,[Famous People]
Catalan's,[Countries;Movies;Famous People]
sallower,[Countries]
scrub,[Historical Events;Music;Books]
businesswoman's,[Animals;Movies]
diverted,[Historical Events]
opaqueness's,[Books;Movies;Animals]
bauds,[Movies;Movies]
toadstool,[Historical Events]
portraying,[Historical Events;Famous People;Movies]
strolled,[Countries;Food & Drink;Movies]
slavery,[Books;Historical Events]
curie,[Countries;Animals;Music]
prayed,[Animals;Animals;Countries]
whiles,[Historical Events;Animals]
octogenarians,[Historical Events;Animals]
banks,[Music]
transmutations,[Historical Events;Technology;Music]
disjoint,[Sports]
Sundanese's,[Technology]
suchlike,[Famous People;Countries;Technology]
therapeutics's,[Famous People;Food & Drink;Countries]
man's,[Sports]
Gladys's,[Music;Food & Drink]
flatterer's,[Sports;Books]
driest,[Books]
silken,[Technology;Food & Drink;Movies]
deterred,[Animals]
incisions,[Countries]
overestimating,[Music;Movies]
laminating,[Countries]
cullenders,[Technology;Food & Drink]
horseman,[Movies]
wheelbarrows,[Historical Events;Famous People]
cardiogram,[Books]
Randall,[Books;Historical Events;Food & Drink]
phoenixes,[Books;Sports]
insecurities,[Technology;Technology]
overzealous,[Technology;Music;Books]
owner,[Famous People;Movies;Books]
browbeaten,[Famous People;Books;Food & Drink]
Ger's,[Food & Drink;Technology;Technology]
Cromwellian's,[Sports;Animals]
drug's,[Music;Famous People;Movies]
deadbeats,[Movies;Historical Events;Music]
debenture,[Famous People;Countries]
supplicate,[Books;Countries;Countries]
converters,[Animals]
absorption's,[Sports;Books]
judicial,[Movies]
Urdu's,[Famous People;Famous People]
squeegee,[Sports]
homely,[Famous People;Movies]
neglect,[Countries]
Corinthians,[Famous People;Famous People]
impresarios,[Famous People]
coke's,[Books]
theta,[Animals]
rimed,[Famous People;Famous People;Historical Events]
puncturing,[Food & Drink;Animals]
gunners,[Movies;Famous People;Sports]
umpiring,[Books]
nosiness,[Animals;Famous People;Sports]
intrigued,[Famous People]
nobility,[Sports;Technology]
painfuller,[Historical Events;Famous People;Movies]
honorifics,[Animals;Famous People]
expostulation,[Food & Drink]
curses,[Technology]
braziers,[Books]
reappear,[Movies]
uncollected,[Books;Food & Drink;Music]
toadstool's,[Food & Drink]
affinity's,[Countries;Animals]
reciprocity's,[Food & Drink;Movies;Sports]
mucus's,[Countries;Books]
dissent's,[Animals;Sports]
Greeley,[Animals;Historical Events;Food & Drink]
hops,[Books;Countries]
glamoured,[Countries;Famous People;Historical Events]
sparsity's,[Sports;Historical Events;Food & Drink]
Hobart's,[Sports;Historical Events]
highbrows,[Famous People;Animals;Animals]
aimlessness's,[Books;Movies]
treas,[Movies;Music;Countries]
Lassie,[Animals;Sports;Famous People]
surrogates,[Famous People;Food & Drink;Famous People]
Kulthumm,[Books;Food & Drink]
signalling,[Historical Events;Books]
credo's,[Countries;Books]
diocese's,[Music]
unison's,[Sports;Famous People;Animals]
Delphic's,[Music]
peroxide's,[Movies]
moocher,[Famous People;Books]
Winnie's,[Music]
diocesans,[Historical Events;Historical Events]
significance,[Countries;Sports]
foresail's,[Technology;Historical Events;Books]
hatchet,[Famous People]
Hun,[Animals;Music;Famous People]
Lionel,[Music;Food & Drink;Famous People]
deregulate,[Famous People]
sixes,[Technology]
Gibson's,[Historical Events;Animals;Movies]
veto's,[Animals]
cleft,[Animals;Famous People;Famous People]
impolitenesses,[Animals;Animals;Technology]
Randal,[Music;Countries]
Oranjestad's,[Animals;Food & Drink;Music]
original,[Technology]
groove's,[Technology]
Uzi,[Movies;Music]
story's,[Music]
caesarian's,[Technology;Animals]
intended,[Famous People;Books;Movies]
Kurt,[Movies;Famous People;Famous People]
eggshells,[Animals]
offender's,[Food & Drink;Sports;Animals]
housewife,[Food & Drink]
closed,[Countries;Animals]
burred,[Movies;Music]
instruct,[Movies;Animals]
barrows,[Famous People;Countries]
turgid,[Animals]
babblers,[Music;Famous People]
bilk,[Countries]
cherubs,[Animals;Books]
chrysanthemums,[Sports]
rickshaw's,[Countries;Food & Drink;Famous People]
nappies,[Movies;Historical Events]
minimalism,[Technology;Movies;Historical Events]
demonstrate,[Historical Events;Historical Events;Sports]
calms,[Famous People]
assented,[Movies;Movies]
facetting,[Animals;Animals]
Jack,[Animals;Movies]
redeemer's,[Famous People]
coxcomb,[Music;Movies;Music]
patrolwoman's,[Movies;Technology]
jackknifed,[Technology]
Lorrie,[Books;Movies;Countries]
Carmella,[Food & Drink;Famous People;Famous People]
differentiation's,[Books;Music]
cosponsor,[Historical Events;Books;Books]
eventfulness's,[Music;Food & Drink;Famous People]
foxtrots,[Music;Animals;Technology]
apologia's,[Technology;Music;Countries]
allergen's,[Countries]
heed's,[Food & Drink]
Cannes,[Music]
outdoor,[Sports;Books]
Ted,[Food & Drink;Technology]
haltered,[Historical Events;Music]
characteristics,[Books;Historical Events]
basalt's,[Historical Events;Movies]
Connors's,[Music]
Parr's,[Sports]
Reagan's,[Famous People;Food & Drink]
colonizers,[Movies]
Milan,[Food & Drink;Technology]
consolation's,[Technology;Books;Historical Events]
digression,[Historical Events;Sports]
shadowbox,[Movies;Historical Events]
contentions,[Historical Events;Countries;Music]
unspecified,[Books]
refit,[Countries;Sports;Books]
they'll,[Music;Food & Drink;Music]
kilt's,[Countries]
Vaseline's,[Music]
unsightliness,[Books;Food & Drink]
mini's,[Animals;Sports;Technology]
septettes,[Animals;Countries]
polyhedrons,[Music]
rearing,[Music;Food & Drink;Countries]
haversacks,[Food & Drink;Music]
Christoper,[Countries;Movies]
yep's,[Historical Events;Countries]
revocation's,[Historical Events;Books;Animals]
augured,[Famous People;Countries]
Sagittarius,[Countries;Food & Drink;Countries]
reeducate,[Sports;Animals;Animals]
Misty's,[Countries]
willow's,[Animals;Sports]
Peruvian's,[Famous People;Historical Events]
earner's,[Movies;Famous People]
linted,[Historical Events]
positively,[Music;Technology;Music]
tincture,[Famous People;Food & Drink;Animals]
lateness's,[Movies;Technology;Books]
OTOH,[Movies]
masque's,[Historical Events]
samurai's,[Historical Events;Food & Drink]
scrod's,[Animals;Countries]
prostate,[Movies]
usherettes,[Music;Music;Technology]
sacristan's,[Historical Events;Technology;Animals]
freshwater,[Books]
outworn,[Food & Drink;Music]
indecisively,[Countries]
confederacy's,[Famous People;Sports]
jolliness,[Food & Drink;Movies]
cabaret's,[Historical Events]
regulated,[Sports]
caucussed,[Animals;Countries;Historical Events]
complained,[Countries]
peering,[Food & Drink;Movies;Animals]
Kansas's,[Music;Movies]
signified,[Books;Music]
snowmobile's,[Books;Countries]
prosthesis,[Famous People;Animals;Music]
lase,[Books;Music]
buoying,[Countries;Sports]
gnaw,[Sports]
anarchic,[Sports;Technology;Historical Events]
reconstructs,[Historical Events;Countries]
milkshake's,[Countries;Sports;Technology]
headlock,[Countries;Food & Drink;Movies]
Nassau,[Sports;Historical Events;Famous People]
Caldwell's,[Countries;Animals;Famous People]
uranium,[Technology;Music]
Krakow,[Food & Drink;Technology]
abstainer's,[Food & Drink;Books]
brownstone,[Technology;Music]
sensor,[Technology;Books;Technology]
cribbage's,[Music]
Dhaulagiri's,[Food & Drink]
lubber's,[Famous People]
grouses,[Technology;Countries]
Ina's,[Historical Events]
earmarked,[Historical Events;Historical Events;Famous People]
idealizing,[Countries;Famous People]
temper,[Music]
onslaught's,[Sports;Countries;Countries]
variance's,[Historical Events;Books]
cultivation's,[Animals;Animals;Technology]
downfall,[Sports]
paunches,[Books]
czars,[Food & Drink;Historical Events;Countries]
sweatshirt,[Movies]
chancel's,[Music;Famous People]
junkets,[Animals;Sports;Animals]
officialdom,[Technology;Famous People;Historical Events]
gamin,[Technology;Animals]
PS's,[Technology;Famous People;Technology]
bastardizing,[Books;Technology]
impress's,[Books]
recalcitrance,[Movies;Animals]
beechnut's,[Sports;Sports]
pronouncements,[Famous People;Animals]
Alcindor's,[Movies;Famous People]
whine,[Food & Drink;Movies]
shortage,[Books;Sports]
main,[Food & Drink;Technology]
hijack,[Technology;Famous People;Food & Drink]
customizing,[Food & Drink;Books]
heist's,[Animals]
Sherpa's,[Countries]
covering,[Animals;Famous People;Animals]
quintessence's,[Movies;Technology]
unavoidably,[Food & Drink;Food & Drink;Food & Drink]
artfulness,[Countries;Food & Drink]
peon,[Movies]
outage's,[Food & Drink]
calumniate,[Food & Drink]
Scheherazade,[Countries]
airlift,[Food & Drink;Technology;Technology]
miss,[Famous People;Famous People]
McCain's,[Countries;Technology]
snipped,[Countries]
subjugation,[Famous People;Animals]
elastic's,[Technology;Countries]
subcontracting,[Animals;Sports;Animals]
detoured,[Food & Drink]
blunderbuss's,[Countries;Technology;Music]
amateurism's,[Music;Sports]
excreta,[Historical Events]
beastlier,[Sports]
concatenating,[Animals;Sports]
disinter,[Music]
abnormalities,[Books;Countries]
carrion,[Animals;Animals]
Rosario's,[Famous People;Books]
Fassbinder's,[Animals;Music;Animals]
MGM,[Movies;Countries;Books]
Rankine's,[Music;Countries]
hijacker's,[Movies;Music;Food & Drink]
opulent,[Movies;Movies]
carp,[Books]
reeves,[Technology]
rejection,[Music]
systematically,[Sports]
cello,[Technology;Technology;Historical Events]
necktie,[Movies;Countries]
reclamation's,[Countries;Famous People;Technology]
sceptical,[Historical Events;Historical Events;Historical Events]
vaunts,[Food & Drink;Sports]
meek,[Books;Technology;Technology]
unicycle's,[Countries;Historical Events]
disposition,[Famous People]
ajar,[Food & Drink;Famous People;Food & Drink]
regimenting,[Famous People]
Josephus,[Countries;Books]
procreates,[Sports]
macadam,[Movies;Sports;Music]
Fourier's,[Historical Events;Countries]
howitzer's,[Technology;Technology;Technology]
space,[Technology]
reporters,[Books;Famous People]
natural's,[Movies;Movies]
scurf's,[Famous People;Technology]
insurrectionists,[Animals;Countries]
distaste,[Historical Events]
parlay's,[Music;Historical Events]
bladder's,[Food & Drink]
excites,[Sports;Famous People;Movies]
subverting,[Animals;Sports;Countries]
barbered,[Famous People;Food & Drink;Sports]
hedge,[Movies;Sports]
reinterpretations,[Famous People]
turducken's,[Sports]
expulsion,[Technology]
hepatitis's,[Animals;Countries;Books]
worker's,[Famous People;Books;Music]
dervish's,[Sports;Sports;Sports]
reminders,[Books;Historical Events;Food & Drink]
galosh,[Famous People;Food & Drink;Sports]
dashingly,[Famous People;Technology;Animals]
spitfire,[Technology;Sports;Famous People]
unsympathetic,[Technology]
metaphor,[Food & Drink]
zaniness's,[Music;Animals;Sports]
attack,[Food & Drink;Animals;Famous People]
catechism's,[Food & Drink;Technology;Countries]
piddle,[Books;Books;Animals]
springtime's,[Books]
shores,[Sports;Animals;Music]
spoken,[Famous People;Animals;Historical Events]
dumpiest,[Music;Books;Famous People]
pinstripe,[Countries;Technology;Countries]
detachments,[Famous People]
rents,[Books;Books;Famous People]
creature,[Books]
fat,[Sports]
pressing,[Famous People;Books;Food & Drink]
inglorious,[Movies;Animals]
gayety,[Food & Drink]
lithosphere,[Books]
heptagon's,[Music;Sports;Books]
shuffle,[Music;Music;Historical Events]
neonate,[Historical Events;Sports;Food & Drink]
keystrokes,[Countries;Historical Events]
wets,[Countries;Technology]
toddy,[Historical Events]
leotard's,[Famous People]
redolence,[Music;Books]
Zeppelin,[Books]
Alma's,[Famous People]
overachiever,[Movies]
Lassen,[Technology]
Aug,[Food & Drink]
prerequisites,[Movies;Countries;Sports]
pulley's,[Movies]
decriminalization,[Sports;Books]
Hawaiians,[Music;Sports]
makeshift's,[Animals;Countries;Famous People]
levies,[Historical Events]
shoplifted,[Books;Sports]
remarry,[Famous People;Sports]
appendectomies,[Historical Events;Historical Events;Countries]
atrocity,[Famous People;Countries;Historical Events]
application,[Famous People]
opportunist's,[Historical Events]
tangoing,[Books]
jailer,[Historical Events]
bursars,[Movies;Movies]
vestibule,[Countries]
sandstone,[Countries;Sports]
Thurmond's,[Animals;Books;Animals]
spumoni's,[Countries]
bums,[Technology;Sports]
edifying,[Movies]
interacting,[Countries;Sports;Famous People]
counterattack's,[Movies;Animals]
permissions,[Animals;Music;Music]
relating,[Animals;Sports;Countries]
customization,[Technology]
crozier,[Historical Events;Countries]
pudding's,[Countries;Music;Animals]
pipsqueak's,[Technology]
impulsive,[Food & Drink;Books]
catchiest,[Movies]
yams,[Food & Drink;Historical Events]
grouting,[Movies]
shadows,[Food & Drink]
Alvaro's,[Countries]
kerchiefs,[Countries]
hostilities's,[Countries]
Scott,[Technology]
Hummer's,[Music;Sports]
simians,[Movies]
pawls,[Books;Music;Famous People]
bogieing,[Technology;Movies;Movies]
bronzing,[Sports;Music]
Johann's,[Countries;Technology]
obstacle's,[Countries;Sports]
Aegean,[Historical Events;Sports]
tackler's,[Technology;Food & Drink;Famous People]
ageism's,[Countries;Technology;Famous People]
binding,[Historical Events;Historical Events]
assemble,[Countries]
cicatrix's,[Movies]
maneuvers,[Books]
McDonald,[Food & Drink]
muumuu,[Books;Sports]
quandary,[Sports]
workbook's,[Food & Drink;Sports;Animals]
scroll's,[Technology]
enrol,[Animals]
conservation,[Countries;Food & Drink]
inhibit,[Food & Drink;Books]
misadventure,[Sports;Sports;Music]
Crystal's,[Historical Events]
denominated,[Music]
shielding,[Sports;Famous People]
disinformation's,[Food & Drink]
jelled,[Technology]
bickered,[Countries;Countries;Sports]
demagnetizes,[Technology;Books]
stacked,[Sports;Sports]
TD,[Movies]
superb,[Famous People;Movies]
Ijssel,[Famous People;Historical Events;Famous People]
ninety,[Animals;Famous People;Famous People]
sauerkraut,[Countries;Books]
iodine's,[Movies;Food & Drink]
undersides,[Music;Famous People]
baobabs,[Animals]
petrolatum,[Famous People;Books]
inflexibility,[Books;Countries;Famous People]
tipples,[Technology;Animals;Books]
shabby,[Animals;Movies;Countries]
fertilizer,[Animals;Sports]
lobbing,[Countries;Movies]
cane,[Sports]
inhumanly,[Movies]
mountaintops,[Famous People;Animals;Books]
overnight's,[Countries;Famous People;Countries]
mainspring's,[Sports;Sports;Famous People]
barbarously,[Countries]
lasso,[Books;Countries]
downtown,[Countries;Animals]
photocopier's,[Historical Events;Sports]
devotional's,[Countries]
dongle,[Countries]
altruism's,[Countries]
dehumidifier,[Books;Movies]
microbiologists,[Movies]
mumps's,[Music;Technology]
cunning's,[Movies]
espresso,[Animals]
tykes,[Countries]
distention,[Music]
bletch,[Movies;Books;Technology]
horseback,[Technology;Historical Events;Sports]
signatory,[Historical Events;Countries]
drape's,[Books;Music]
opprobrium,[Books;Famous People]
Faeroe,[Animals;Countries;Food & Drink]
tealight,[Historical Events;Famous People;Food & Drink]
Chippewa's,[Technology]
necessary's,[Books;Countries]
indoctrinates,[Animals;Sports]
forenoon,[Technology;Food & Drink]
juiciness's,[Famous People;Music]
Ch'in,[Technology;Movies]
anthem's,[Sports;Food & Drink]
fortunes,[Historical Events;Books;Technology]
ebbing,[Countries;Movies;Historical Events]
hex,[Books;Animals;Countries]
cottonmouth,[Technology;Books;Famous People]
bray,[Countries]
Homer's,[Books;Books;Countries]
transposition's,[Animals;Technology]
stepparent,[Music]
adjudicator,[Animals;Food & Drink]
sedition,[Food & Drink;Famous People;Sports]
Irishwomen's,[Movies;Famous People]
smallest,[Sports;Countries]
mammogram,[Books]
baseman's,[Food & Drink;Famous People]
rider's,[Music]
CosmosDB,[Famous People;Countries;Food & Drink]
trade's,[Books;Famous People]
Chinooks,[Countries;Animals]
relish,[Historical Events]
schematic,[Technology;Historical Events]
mechanistic,[Famous People;Historical Events]
pullers,[Books;Movies]
spin's,[Sports;Countries;Books]
handle,[Books]
dissimulating,[Movies]
Katmandu,[Books]
bawdiest,[Food & Drink]
huskers,[Movies;Food & Drink;Historical Events]
Rutan's,[Sports;Animals;Movies]
Thurmond,[Food & Drink]
Levine's,[Movies;Animals]
Lindy,[Music;Sports;Movies]
Furtwängler's,[Famous People;Food & Drink]
snitch's,[Famous People]
sunned,[Music]
ashtray,[Countries;Famous People]
reacted,[Famous People;Food & Drink]
sprayer,[Famous People]
dumbness's,[Movies]
Procyon,[Animals]
Xmas,[Technology]
buoy's,[Sports]
brooder,[Countries;Historical Events;Technology]
mineralogy,[Historical Events;Technology;Technology]
caustic's,[Music]
render's,[Countries;Movies;Historical Events]
pestle,[Animals;Technology;Movies]
heyday's,[Sports]
lofting,[Movies]
post,[Countries;Famous People;Movies]
flightier,[Food & Drink;Books]
Tommy,[Music]
Welch,[Sports;Books;Famous People]
ickiest,[Animals;Music]
cognomens,[Famous People]
Szilard's,[Food & Drink;Animals]
boldness's,[Music;Historical Events]
libels,[Music]
consumptive,[Famous People]
StairMaster's,[Technology;Movies]
readership,[Famous People;Books;Movies]
Hendrix,[Food & Drink;Music]
contradictions,[Countries]
heir,[Famous People;Animals]
adulthood's,[Historical Events]
ducat,[Countries]
Sargent's,[Music;Sports]
frack,[Sports]
color's,[Food & Drink;Music]
climatic,[Animals]
ransack,[Food & Drink]
tealight's,[Countries;Food & Drink;Animals]
bigmouth's,[Famous People]
carnelian,[Animals;Animals]
raviolis,[Animals;Technology]
parrakeet,[Music;Movies;Historical Events]
upshot's,[Countries]
sapient,[Animals]
woodpile,[Countries;Music;Food & Drink]
hijackings,[Books;Famous People]
colic's,[Food & Drink;Music]
teething,[Famous People;Animals;Countries]
OHSA's,[Music;Books]
Shanghai's,[Books]
massiveness's,[Food & Drink]
divest,[Famous People;Technology]
Oracle,[Animals]
Austrian's,[Famous People]
strongbox's,[Music]
calico,[Historical Events;Historical Events]
ulcerate,[Music;Animals;Food & Drink]
observatories,[Animals]
affliction,[Food & Drink;Animals]
concealed,[Sports]
pings,[Movies;Food & Drink;Movies]
Vijayanagar's,[Countries;Books]
provisos,[Historical Events;Movies]
chamois's,[Sports;Sports;Music]
knitted,[Movies]
survivals,[Countries]
veterinary,[Sports;Books]
Vichy's,[Countries]
stripteasing,[Historical Events;Technology]
unmatched,[Historical Events]
flaw's,[Technology;Food & Drink;Books]
Namibia's,[Countries]
nakedly,[Sports]
Brazos's,[Countries;Countries]
consort,[Historical Events;Movies]
cordless,[Food & Drink;Music]
grimace's,[Historical Events]
sniffled,[Movies;Books;Sports]
coining,[Food & Drink;Sports]
birthrights,[Technology;Animals]
moor's,[Famous People]
altruists,[Historical Events;Food & Drink]
intends,[Historical Events]
chop,[Historical Events;Famous People;Famous People]
alternately,[Sports;Music;Music]
parolees,[Music;Famous People;Technology]
Ellen's,[Historical Events;Sports]
forestation's,[Books;Music]
set,[Historical Events;Books;Animals]
inn's,[Movies;Countries]
Wisconsin's,[Technology]
handicapping,[Sports;Food & Drink]
grinning,[Sports]
plagiarism's,[Historical Events;Historical Events]
Lavern's,[Sports]
scads,[Food & Drink]
subcontractor's,[Books]
subliming,[Sports]
exults,[Music]
blotted,[Sports;Technology]
phraseology's,[Books;Food & Drink]
haddock's,[Music;Food & Drink]
maypole's,[Movies;Food & Drink;Music]
its,[Technology]
blastoff's,[Countries]
garage,[Countries;Books;Sports]
Mouton's,[Music;Books]
surroundings's,[Sports;Famous People]
Srivijaya,[Famous People]
unfavorable,[Technology;Historical Events;Food & Drink]
spills,[Famous People;Technology]
hubbub's,[Famous People;Technology;Technology]
I'm,[Historical Events]
ems,[Food & Drink]
electrocardiograph,[Books;Famous People;Animals]
overact,[Food & Drink]
kale,[Countries;Music;Movies]
verbalized,[Animals]
sandlot's,[Books;Countries]
bracelets,[Music;Countries]
mire,[Famous People;Food & Drink;Sports]
redbreast,[Books;Sports]
divider,[Countries]
Marina's,[Countries;Books]
woods's,[Famous People;Movies;Books]
bugler's,[Animals;Books]
Jovian's,[Animals;Countries]
zoologist's,[Countries]
rifling,[Historical Events;Animals]
driest,[Technology;Historical Events]
Hodge's,[Food & Drink;Movies]
Shelly,[Sports;Animals;Movies]
Liberian's,[Music;Countries]
wear,[Animals;Music;Countries]
zoomed,[Famous People;Movies]
terrain,[Famous People]
statehood's,[Animals;Books]
stooped,[Historical Events]
binding,[Movies;Food & Drink]
giblet,[Books]
hoax,[Food & Drink]
jerkiest,[Famous People]
unheard,[Historical Events]
query,[Movies;Famous People]
psychotherapy's,[Music;Movies]
demonstrate,[Sports;Countries;Historical Events]
frailties,[Famous People]
cornstarch,[Animals;Historical Events]
flagstones,[Countries;Food & Drink]
empress,[Movies;Food & Drink]
troubled,[Technology;Countries;Technology]
untangling,[Famous People]
peacefully,[Technology;Animals;Sports]
insensibility,[Movies;Music]
detour,[Historical Events;Countries]
panelling,[Movies;Books;Movies]
liveliness,[Historical Events]
flagged,[Sports]
Blythe,[Countries;Technology;Countries]
food's,[Famous People;Music]
calendars,[Technology;Animals]
capaciously,[Sports;Sports;Animals]
atomizers,[Historical Events;Sports;Books]
Soave,[Books;Technology;Technology]
snoop,[Sports]
Judaism's,[Music]
rune's,[Sports]
felon,[Food & Drink;Music]
Mercator,[Historical Events;Music;Music]
synagog's,[Music]
tick,[Famous People;Books]
hot,[Music]
neurology's,[Technology]
Croce's,[Countries;Famous People;Countries]
lallygag,[Music;Technology]
penlite's,[Music;Technology;Technology]
Cayenne,[Food & Drink]
outnumbered,[Animals;Technology;Technology]
overusing,[Books]
neighborly,[Sports]
Winthrop's,[Food & Drink;Famous People;Music]
entraps,[Technology;Famous People]
nineteens,[Animals]
Boniface's,[Sports;Sports]
ingratiates,[Famous People;Music]
fictitious,[Food & Drink;Music]
penlite,[Countries;Food & Drink;Countries]
polishing,[Music;Famous People;Historical Events]
heiress's,[Books;Countries;Books]
Kerry,[Sports]
abandonment's,[Technology]
insurances,[Animals;Historical Events;Music]
hoax's,[Food & Drink]
clangor,[Books;Technology]
climatic,[Movies;Food & Drink]
droids,[Countries;Historical Events]
Uzbek,[Music;Movies;Animals]
tittering,[Sports;Animals;Movies]
arraying,[Books;Music]
indignation's,[Historical Events;Music;Sports]
statuary's,[Historical Events]
quacking,[Historical Events;Countries;Animals]
sufficiency,[Movies;Music;Animals]
Breakspear's,[Famous People]
Sylvia,[Technology;Technology;Sports]
Ascella,[Music]
tortoise,[Technology]
Puccini's,[Food & Drink;Countries]
retort,[Countries]
symmetries,[Music]
debacle's,[Technology]
priories,[Music]
conveyor's,[Historical Events;Movies]
earmarking,[Countries]
quartos,[Music;Countries]
golden,[Movies;Food & Drink]
reanimated,[Movies;Food & Drink]
adulthood,[Music]
aloud,[Sports]
breaching,[Books;Historical Events]
clavicles,[Books]
breathiest,[Famous People;Movies;Movies]
policy's,[Food & Drink]
stochastic,[Movies]
logoffs,[Movies]
Marianas,[Famous People;Countries;Famous People]
enlist,[Books;Animals]
whistlers,[Historical Events;Movies;Sports]
chairmanship,[Books;Movies;Food & Drink]
gild's,[Famous People]
Fotomat,[Food & Drink]
toques,[Music;Countries]
hesitated,[Movies]
pugnacity's,[Sports]
evener,[Food & Drink]
CIA's,[Movies;Music]
discommodes,[Sports]
AIDS's,[Famous People;Movies;Books]
diorama's,[Books]
Jacuzzi,[Music;Countries;Food & Drink]
Göteborg,[Music;Music;Famous People]
eyetooth's,[Famous People;Animals;Famous People]
Perot's,[Movies;Animals]
acidified,[Food & Drink;Food & Drink]
complaisantly,[Historical Events;Books]
Goodrich's,[Countries;Food & Drink]
purification,[Technology;Countries;Historical Events]
earthworks,[Historical Events]
mongolism's,[Technology;Countries;Food & Drink]
blockading,[Famous People;Movies;Animals]
Liszt,[Animals;Sports;Sports]
style,[Music;Music]
Liza's,[Historical Events;Movies]
strands,[Movies]
dove's,[Movies;Countries;Countries]
presumably,[Countries;Animals]
repatriate's,[Movies;Music]
Set,[Animals]
Eugene,[Technology;Movies]
Alec,[Animals]
me,[Books]
manful,[Sports;Music]
sketched,[Animals]
luminary,[Animals]
medulla,[Technology;Famous People;Technology]
swerve,[Movies]
comforter's,[Sports;Movies]
stencil's,[Technology;Historical Events;Books]
mysteries,[Sports;Movies]
puerility's,[Historical Events;Movies;Famous People]
probables,[Movies]
rabbinical,[Food & Drink;Countries]
negative,[Food & Drink;Music;Technology]
careless,[Famous People;Movies]
lubricator's,[Countries;Technology]
spreader's,[Food & Drink;Famous People]
horseshoeing,[Historical Events;Countries;Animals]
weedy,[Books]
aeration,[Famous People;Famous People;Sports]
airline's,[Sports;Famous People]
mod's,[Music]
contractual,[Technology;Animals;Famous People]
fruit's,[Sports;Sports;Countries]
spankings,[Animals]
lesion's,[Books;Movies]
affirmation's,[Technology;Animals]
earthling's,[Books;Food & Drink;Technology]
frailest,[Technology;Famous People]
editorship,[Countries]
Standish,[Sports;Music;Food & Drink]
sieve,[Historical Events;Movies;Movies]
zinged,[Famous People;Technology;Famous People]
Mikoyan's,[Sports;Music;Music]
grant's,[Food & Drink]
prostration,[Music]
preempted,[Music]
instance,[Famous People]
dashboards,[Technology]
manufactures,[Animals;Animals]
nonjudgmental,[Food & Drink]
tenderfoot's,[Food & Drink]
leapfrogging,[Movies]
grizzlier,[Movies;Movies]
handbook's,[Food & Drink;Books]
Anthony,[Technology;Music]
catalytic's,[Music;Books;Technology]
bindery's,[Famous People;Historical Events]
wrestles,[Music;Famous People;Technology]
majority's,[Historical Events;Famous People]
excesses,[Historical Events;Books;Famous People]
empress,[Music;Sports]
Calvin's,[Sports;Books]
Bollywood,[Historical Events;Historical Events;Sports]
workaholic's,[Animals;Famous People;Sports]
civilian's,[Music;Music]
gelid,[Movies]
firetrap,[Movies]
Dorcas,[Animals;Movies]
racquetballs,[Countries;Sports;Music]
Lorenzo,[Books]
rave,[Countries]
scammers,[Countries]
spreadsheets,[Music]
pushup,[Sports]
bleated,[Famous People;Famous People]
Holsteins,[Animals;Technology]
sized,[Animals]
analogy's,[Technology;Historical Events;Food & Drink]
Subaru's,[Music;Music;Famous People]
byline's,[Countries;Books;Animals]
Cruikshank,[Animals]
aslant,[Books;Countries]
incisor's,[Historical Events]
abductors,[Countries;Books;Technology]
Benchley's,[Sports;Books;Movies]
feminines,[Countries]
synergy's,[Music]
Medici,[Books]
dogma's,[Sports;Countries;Movies]
prettied,[Food & Drink;Countries;Animals]
boatman's,[Food & Drink;Historical Events]
nippier,[Animals]
Goren,[Countries]
bewaring,[Movies;Music]
Kafkaesque's,[Technology;Famous People]
bowlers,[Countries;Animals]
flunkie,[Historical Events;Famous People;Countries]
intrude,[Countries;Movies;Sports]
boastfulness's,[Countries;Technology;Movies]
grunt's,[Food & Drink;Famous People]
deportation,[Countries;Music;Technology]
stoke,[Countries;Books]
frizzes,[Famous People;Technology]
Selma,[Food & Drink;Famous People;Technology]
miscounting,[Movies;Sports]
viewer,[Animals;Countries;Countries]
neighbor's,[Famous People]
mash's,[Countries;Technology]
wedge,[Movies]
requisitioning,[Countries]
colourblind,[Music;Technology;Technology]
interpreter,[Books]
Badlands's,[Technology;Music]
miler,[Food & Drink;Historical Events;Books]
dawns,[Technology;Technology]
oilskin,[Famous People]
ism,[Animals;Technology]
roof's,[Movies;Music;Historical Events]
probabilities,[Technology]
blotter,[Technology;Historical Events;Sports]
cheesecake,[Books]
alpaca,[Animals;Historical Events]
asynchronous,[Food & Drink;Music]
disperses,[Famous People]
transporting,[Music;Animals;Historical Events]
beehives,[Sports;Technology]
barber,[Technology]
revolutionist,[Technology;Movies]
hilarity's,[Historical Events;Books;Sports]
extraterrestrial's,[Historical Events]
nonreturnables,[Famous People]
Grey,[Famous People;Books;Books]
pederast's,[Sports;Countries]
drake's,[Famous People;Countries;Books]
unsung,[Books;Famous People;Countries]
quitters,[Food & Drink;Food & Drink]
afterglows,[Books;Sports]
addressable,[Sports;Countries]
breeds,[Historical Events;Animals;Technology]
Stimson's,[Famous People;Music]
Anglo,[Books]
Suriname,[Famous People;Music;Countries]
nihilism's,[Food & Drink;Animals]
Sylvia's,[Books;Countries;Food & Drink]
Woolite's,[Famous People]
disturbs,[Movies;Historical Events;Animals]
Montessori's,[Sports]
rendezvous's,[Movies;Famous People]
pilaf,[Food & Drink;Food & Drink;Countries]
emetic,[Books;Food & Drink]
invigorates,[Historical Events;Famous People;Technology]
buffalos,[Food & Drink;Technology]
tried,[Movies]
policyholders,[Music]
parvenu's,[Books]
yacks,[Books;Movies;Movies]
shuns,[Animals]
Charlie's,[Food & Drink;Animals]
Thurman,[Animals]
prescriptions,[Technology;Famous People;Animals]
drowning,[Food & Drink;Countries]
racists,[Animals;Countries;Sports]
Templar's,[Animals;Books;Food & Drink]
elixir,[Sports]
gratuitous,[Technology]
madness's,[Sports;Books;Music]
avenger's,[Animals;Famous People;Animals]
bo's'n's,[Food & Drink]
triumphing,[Animals]
pansy's,[Movies;Famous People;Countries]
gathering,[Countries;Technology;Countries]
nine's,[Countries;Animals;Movies]
publicized,[Food & Drink;Food & Drink;Countries]
neatly,[Books]
mastication,[Famous People;Technology]
Sumerian,[Sports;Countries;Sports]
Schoenberg's,[Technology;Movies;Countries]
payroll's,[Countries]
Maynard,[Countries]
contributor,[Books;Famous People;Historical Events]
neckerchiefs,[Music]
conflagrations,[Animals;Countries]
possession's,[Historical Events]
municipality,[Technology;Historical Events]
chaise's,[Sports]
drivel's,[Technology]
additional,[Food & Drink]
egg,[Books;Music]
incisive,[Books;Animals]
Himalayas,[Famous People]
clamber,[Books;Countries]
mustered,[Books;Movies]
orgy's,[Music;Books;Animals]
overproduces,[Food & Drink;Books]
infanticides,[Sports;Movies;Music]
surprises,[Famous People;Movies;Famous People]
outfitter's,[Famous People;Music;Historical Events]
inspirational,[Famous People;Animals;Music]
rising,[Movies;Technology;Food & Drink]
Luna,[Music;Food & Drink]
Coors's,[Music;Technology]
coordinates,[Historical Events;Books;Famous People]
basis's,[Sports;Countries;Technology]
metabolizes,[Music]
shrill,[Sports;Music;Technology]
maintenance,[Animals;Books]
activation's,[Historical Events]
dramatizing,[Famous People]
crawlspace,[Movies;Famous People;Animals]
eucalyptus,[Historical Events]
snowball's,[Sports;Animals]
quirked,[Technology;Historical Events;Food & Drink]
sneaker's,[Movies;Music;Sports]
jowls,[Animals]
shipbuilding's,[Books;Movies]
ingot,[Music;Historical Events]
Ahmadabad,[Music;Sports;Technology]
bisector,[Technology;Technology;Technology]
chord's,[Movies;Technology;Historical Events]
indefensible,[Movies]
indicting,[Sports]
sword,[Books;Countries;Movies]
Barth,[Historical Events;Books]
splicer's,[Historical Events;Food & Drink;Music]
ripened,[Technology]
pardonable,[Historical Events;Music;Animals]
floats,[Countries]
astonishes,[Historical Events;Books]
acknowledgement,[Famous People]
Sterling's,[Movies;Famous People]
savers,[Movies;Technology;Music]
tritest,[Music;Sports]
Olympia's,[Historical Events;Famous People]
transacts,[Movies;Animals]
harem's,[Technology;Countries;Animals]
scraps,[Music]
duality's,[Books;Historical Events;Movies]
antebellum,[Countries;Famous People]
existentialism,[Famous People;Famous People]
mothball's,[Food & Drink;Books]
ensnared,[Movies;Sports;Countries]
concurrences,[Countries;Historical Events;Famous People]
eyeballing,[Countries;Sports]
fandom,[Food & Drink;Historical Events]
astringency's,[Music;Food & Drink]
secedes,[Historical Events]
yodellers,[Technology;Music]
Francoise,[Sports;Technology]
indemnities,[Technology;Animals;Music]
orthography's,[Sports]
Bolshevik,[Sports;Technology;Music]
Bombay's,[Animals]
veranda's,[Technology;Movies]
hopscotch,[Famous People;Technology;Sports]
interceptor,[Movies]
caravan's,[Famous People]
recumbent,[Sports]
Geraldine's,[Music]
Kochab,[Music;Technology;Music]
whim,[Famous People;Movies;Music]
embraces,[Countries]
Minnesotans,[Animals]
sizzled,[Famous People;Books]
twilight,[Historical Events]
spreadsheets,[Books;Books;Movies]
Alar's,[Music]
Palmerston,[Music;Countries;Animals]
castigates,[Food & Drink;Countries;Sports]
romanticize,[Movies;Technology;Historical Events]
streetwalker's,[Historical Events]
asterisks,[Sports;Food & Drink;Food & Drink]
baste,[Sports]
joviality's,[Technology;Technology]
revocation's,[Movies]
processioned,[Books;Books]
police,[Animals]
unfaithfulness's,[Music]
anesthesiology's,[Technology;Historical Events]
highland,[Books;Movies;Food & Drink]
Aquino's,[Food & Drink]
murky,[Famous People;Food & Drink;Sports]
attachment's,[Historical Events;Music;Historical Events]
tech,[Historical Events;Books;Music]
montage's,[Food & Drink;Movies;Books]
urinal,[Music]
barbacoa,[Books;Historical Events;Books]
bate,[Food & Drink;Famous People]
piddle,[Technology;Books]
Tues,[Technology;Music]
automates,[Historical Events;Famous People;Historical Events]
swift's,[Sports;Food & Drink]
kaftans,[Animals;Animals;Animals]
slit,[Animals;Movies;Technology]
dextrose's,[Famous People;Technology;Food & Drink]
segues,[Animals;Technology;Famous People]
Iago's,[Books;Music;Music]
firefights,[Technology;Animals]
denotation's,[Movies;Movies;Countries]
fondness's,[Music;Countries;Sports]
gimleting,[Countries;Technology;Countries]
snailing,[Movies;Famous People]
neutralization's,[Countries;Music]
spiffiest,[Books;Sports;Music]
sprigs,[Famous People;Sports;Movies]
gawked,[Animals;Technology]
sledgehammers,[Countries;Animals;Countries]
myna,[Sports;Food & Drink]
finalists,[Historical Events]
suppurating,[Music]
frenzy,[Countries]
Frederick's,[Famous People;Sports]
fatalism,[Music;Countries;Famous People]
strikeouts,[Food & Drink]
levelling,[Sports;Music;Books]
threescore,[Books;Technology]
Novartis,[Movies]
indices,[Books;Books;Movies]
fins,[Historical Events;Famous People]
Edam,[Animals]
Belau,[Sports]
Gascony,[Countries;Music;Books]
Thracian,[Movies;Movies;Animals]
idioms,[Books]
apoplectic,[Countries;Countries;Music]
redcaps,[Famous People]
veils,[Books]
Ham,[Countries;Sports]
bagged,[Countries;Historical Events]
incompatibly,[Books;Food & Drink;Books]
an,[Music;Music]
Khyber,[Historical Events]
graph,[Countries;Books]
ecclesiastics,[Sports;Historical Events;Historical Events]
enunciation's,[Famous People;Famous People]
Ricky's,[Sports;Technology;Sports]
Gabrielle,[Historical Events;Technology]
Vivaldi's,[Sports;Music]
Iraq,[Technology;Historical Events]
abolitionist,[Animals;Countries;Sports]
haste's,[Movies]
Rabelaisian's,[Food & Drink;Sports;Movies]
pensioner,[Movies]
December's,[Music]
pagan,[Technology;Food & Drink]
chops,[Music;Historical Events;Famous People]
unseen,[Movies;Food & Drink;Countries]
postured,[Books;Sports]
mutilated,[Animals]
bluntness,[Books]
gritting,[Countries;Sports]
Karla,[Music;Books;Music]
Pinatubo's,[Music;Movies;Movies]
fawning,[Famous People;Food & Drink]
imprinted,[Animals;Animals;Historical Events]
Kirkpatrick,[Music;Animals;Famous People]
variability,[Books;Animals;Technology]
plagiarism's,[Technology;Books;Famous People]
majorette's,[Technology;Animals]
obliteration's,[Music;Sports;Animals]
allegiances,[Famous People]
fighting,[Movies;Famous People]
Chaldean's,[Countries;Famous People]
sinkable,[Food & Drink;Food & Drink;Music]
yammered,[Technology;Movies]
rioting's,[Food & Drink;Famous People;Sports]
snarkier,[Movies;Food & Drink;Historical Events]
footballers,[Movies;Famous People]
entryway,[Countries]
eventfulness,[Technology]
treason's,[Books;Books]
unscientific,[Animals]
pickling,[Historical Events;Historical Events]
symbolization,[Food & Drink;Sports]
verge,[Music]
postman's,[Books;Animals]
retouching,[Technology;Movies;Movies]
decided,[Animals]
lifeworks,[Technology]
Walters,[Historical Events;Countries]
decadence's,[Historical Events;Countries]
freckling,[Music;Food & Drink]
Jeffersonian's,[Animals;Books;Food & Drink]
Bohemian's,[Historical Events;Historical Events;Animals]
pastorate's,[Technology;Food & Drink;Music]
clause's,[Historical Events;Countries;Music]
coriander's,[Books]
landscape's,[Food & Drink;Movies;Food & Drink]
esophaguses,[Famous People;Books]
rote's,[Books;Music;Music]
tragedian's,[Countries;Movies]
breading,[Countries;Books;Countries]
accumulated,[Countries;Countries;Countries]
slickly,[Movies;Countries]
esteeming,[Countries;Animals]
orgiastic,[Famous People;Famous People]
hypes,[Movies;Books]
device's,[Historical Events]
agriculturalist,[Books]
wishbone,[Food & Drink;Countries]
overachievers,[Sports;Books;Food & Drink]
scruff,[Countries;Famous People]
Margret,[Music;Historical Events;Famous People]
admonitory,[Music;Movies;Animals]
OSHA,[Technology]
acquisition,[Countries;Sports]
ptarmigans,[Countries]
fussy,[Movies]
acronym's,[Countries;Animals;Technology]
Nazi,[Food & Drink;Movies;Technology]
clogged,[Technology;Books;Technology]
fifths,[Famous People;Countries;Animals]
Araceli,[Books;Books]
chanteys,[Famous People;Famous People]
viva's,[Famous People;Technology;Food & Drink]
humour,[Books]
bellybutton's,[Countries;Historical Events]
Honeywell,[Famous People;Music;Movies]
hardy,[Countries;Countries;Books]
idiosyncrasy's,[Sports]
hp,[Animals;Animals;Animals]
paratroops,[Food & Drink;Historical Events;Movies]
acidity's,[Sports]
spottiness,[Famous People;Sports]
figurative,[Historical Events]
Bradshaw,[Food & Drink;Books;Animals]
headway,[Countries]
Kentucky's,[Movies;Historical Events;Music]
Sadr,[Countries;Food & Drink;Sports]
Elton's,[Historical Events]
UFO's,[Movies]
incapacitated,[Technology]
ironclad's,[Famous People;Countries;Historical Events]
phrase's,[Technology]
lee,[Famous People;Books;Historical Events]
clobber,[Movies]
Kurdish,[Famous People;Books]
Mathews,[Animals;Books;Technology]
Vincent,[Animals;Books]
fertilized,[Music;Food & Drink;Countries]
Micheal,[Movies;Historical Events;Countries]
consoled,[Technology;Food & Drink;Books]
interviewer's,[Food & Drink;Historical Events;Historical Events]
gunwale's,[Food & Drink]
fermentation's,[Countries]
desolated,[Countries;Books]
Carey's,[Music;Food & Drink]
sharpshooters,[Historical Events;Countries]
by,[Food & Drink]
balloting,[Sports;Countries]
gewgaw's,[Animals]
Wilhelmina,[Sports;Countries]
loose,[Food & Drink;Sports]
outcrop,[Food & Drink;Famous People]
archeologists,[Books]
caterwaul,[Technology;Famous People;Music]
snootiest,[Movies;Countries]
stickups,[Countries;Historical Events;Movies]
municipality's,[Movies]
abstinent,[Sports]
accenting,[Historical Events;Technology;Books]
commonwealths,[Books]
reassessed,[Music]
vacuity,[Animals;Historical Events]
currant's,[Movies;Famous People;Famous People]
Pynchon,[Books;Animals]
wastebasket's,[Famous People]
leaned,[Books]
agglutination,[Technology;Sports]
broadsided,[Historical Events;Technology]
torsion's,[Animals]
enthused,[Countries;Music;Countries]
zeds,[Technology;Movies;Music]
macaroon's,[Sports;Sports;Sports]
reinvested,[Sports;Historical Events]
senator's,[Historical Events;Food & Drink;Music]
attendants,[Music;Famous People]
redundantly,[Movies;Music;Sports]
Beecher,[Countries;Sports]
repatriating,[Movies]
blintz,[Historical Events;Movies]
misadventure's,[Historical Events;Technology]
wenches,[Movies]
Sadie,[Technology;Sports;Books]
professors,[Sports]
yule,[Food & Drink;Music;Countries]
Castaneda's,[Books;Sports]
delirium's,[Famous People]
grog,[Books]
Morris's,[Technology]
colleen's,[Animals;Music;Famous People]
Josh,[Famous People;Books]
monotheistic,[Food & Drink;Books;Technology]
escaped,[Countries;Countries;Sports]
sleighing,[Sports]
impishly,[Technology]
Caliban,[Famous People]
Superglue's,[Animals]
noncom's,[Famous People;Books]
syllabus,[Food & Drink]
Tuscany's,[Famous People]
wildebeest's,[Technology;Music;Technology]
bequest's,[Movies;Technology]
afterglow's,[Historical Events;Sports;Movies]
Geller,[Famous People]
Sheree's,[Food & Drink]
Congregationalist,[Historical Events;Animals]
tattling,[Historical Events]
matchbook's,[Food & Drink]
defeatism,[Movies;Famous People]
manorial,[Historical Events]
takings's,[Books;Historical Events]
dyke's,[Historical Events]
magnificently,[Books]
jocosity's,[Famous People;Music;Food & Drink]
Snake,[Countries;Historical Events;Famous People]
earthworks,[Food & Drink;Countries;Historical Events]
stricture,[Sports;Technology;Animals]
keypunch's,[Food & Drink;Animals;Food & Drink]
departmentalized,[Countries]
Lollobrigida's,[Books;Famous People]
Huang's,[Books;Food & Drink]
Mathis,[Historical Events;Famous People]
Ouija's,[Technology;Countries;Countries]
Sunnyvale's,[Technology;Animals]
babysit,[Famous People;Music]
independently,[Historical Events;Animals]
antipodes,[Food & Drink;Countries]
nunneries,[Countries]
carsick,[Movies;Music;Famous People]
bellwethers,[Sports;Sports;Movies]
orbs,[Movies]
honourable,[Historical Events;Technology]
stalker,[Music]
laundries,[Movies;Famous People]
philosopher's,[Sports;Famous People;Sports]
platitude's,[Sports]
inclined,[Sports;Countries;Food & Drink]
citizenship,[Historical Events;Animals;Historical Events]
eventide,[Historical Events]
columbine's,[Books]
Tanzanians,[Animals;Technology]
wane's,[Historical Events]
wearing,[Countries;Sports]
deathtraps,[Sports]
irresistibly,[Animals;Animals]
madly,[Technology;Countries;Famous People]
lectured,[Animals;Historical Events]
Zens,[Famous People]
stipulation's,[Food & Drink;Famous People]
branding,[Sports;Famous People;Historical Events]
fiord,[Animals;Famous People]
Walton's,[Music;Sports]
inhalant's,[Food & Drink;Books]
outstays,[Movies]
giants,[Sports;Animals]
Navratilova,[Food & Drink;Historical Events;Countries]
agglutinate,[Sports]
muck's,[Movies;Animals;Countries]
stairways,[Books;Food & Drink]
ranger,[Animals]
delinted,[Famous People;Animals]
murdered,[Movies;Movies]
freebee,[Music;Historical Events]
temper,[Historical Events]
wiretap,[Countries;Food & Drink]
sparkle's,[Countries]
oxymoron's,[Music]
leak's,[Music;Animals;Historical Events]
fatherhood,[Historical Events;Technology;Historical Events]
anaesthesia,[Movies;Food & Drink]
pkg,[Movies;Books]
caesareans,[Books;Sports]
Piaf,[Historical Events]
pyromania's,[Music;Sports;Famous People]
platforms,[Technology]
discounted,[Countries]
firing,[Historical Events]
cairn,[Countries;Countries;Famous People]
ham's,[Technology;Food & Drink;Historical Events]
profanities,[Historical Events]
wrenching,[Food & Drink;Countries]
undervalued,[Music;Famous People]
Haldane,[Technology;Food & Drink]
omnivores,[Books;Famous People]
rapists,[Countries;Food & Drink]
aides,[Sports;Famous People]
Saturnalia,[Animals;Countries;Animals]
clxi,[Animals;Countries;Historical Events]
Winchester,[Animals]
abusively,[Movies;Animals]
Masefield's,[Historical Events;Animals]
conjunctures,[Technology;Food & Drink;Music]
desktops,[Music]
bail,[Food & Drink]
belaboured,[Technology]
holographic,[Countries;Food & Drink]
striker,[Sports;Sports;Books]
pizza,[Historical Events;Books]
idealism,[Historical Events;Historical Events;Movies]
observes,[Historical Events]
homemaker,[Sports]
carton's,[Famous People]
Lanny's,[Historical Events]
lychee,[Food & Drink]
pirate's,[Historical Events;Books;Music]
haloed,[Books;Sports;Food & Drink]
transcendentalism's,[Sports;Countries]
unattended,[Food & Drink;Food & Drink;Music]
schussing,[Famous People;Food & Drink]
pump's,[Technology;Countries;Famous People]
slights,[Famous People;Sports;Animals]
separation,[Famous People]
Armageddon,[Movies;Technology;Books]
Harlem,[Technology]
smile,[Animals]
sogginess's,[Books]
subjection,[Music]
forecasting,[Countries;Countries]
misfitted,[Historical Events;Movies;Books]
Drano's,[Music]
hangdog,[Sports;Historical Events]
Perm,[Technology;Books;Famous People]
Dorothy,[Animals;Music]
shard,[Historical Events]
Nijinsky,[Sports;Food & Drink]
dyadic,[Countries;Sports;Food & Drink]
Paleogene's,[Books;Famous People;Countries]
Capri's,[Famous People]
Corey's,[Animals]
avenger,[Countries;Food & Drink;Famous People]
Matisse,[Technology]
packet,[Countries]
homeboys,[Books]
chilliest,[Sports;Animals]
reposed,[Historical Events;Animals;Famous People]
Minamoto's,[Music;Countries]
matriarchs,[Books;Books]
Eric's,[Music;Sports;Famous People]
towering,[Movies;Books;Music]
neurotransmitter's,[Music]
springtime's,[Animals]
scuffled,[Music;Food & Drink;Technology]
rickety,[Technology;Books]
microeconomics's,[Movies;Historical Events]
upbeats,[Technology]
sledded,[Music]
reconditioned,[Sports]
Terri,[Animals;Technology;Famous People]
intonation,[Historical Events;Food & Drink]
legged,[Animals]
friending,[Books;Food & Drink]
escapee's,[Countries]
scoreboards,[Music]
Indonesian,[Movies;Historical Events]
hummus,[Technology;Food & Drink]
enactments,[Historical Events;Technology;Animals]
Oersted's,[Music;Famous People;Sports]
Terran,[Music;Historical Events;Music]
riffles,[Books;Books;Animals]
Rachel's,[Technology;Sports]
Pittman's,[Movies;Countries]
basal,[Movies;Technology;Food & Drink]
dyspepsia,[Technology;Historical Events;Sports]
Jamaica's,[Technology;Books;Famous People]
palaver's,[Countries;Famous People;Countries]
Gris's,[Technology;Books]
brontosaur,[Historical Events;Music]
reams,[Famous People;Countries]
plods,[Countries;Movies;Books]
slung,[Music;Famous People]
albs,[Sports]
blare,[Countries;Food & Drink;Historical Events]
corpses,[Music;Countries]
pawnbroker,[Countries;Animals]
Erwin,[Famous People]
pentathlons,[Technology]
Selznick,[Animals;Food & Drink;Sports]
impaling,[Food & Drink]
Osgood's,[Famous People]
Djibouti,[Animals;Famous People]
bail's,[Historical Events;Food & Drink]
wolves,[Books;Books;Animals]
multiplier's,[Animals;Technology]
rotundness,[Music;Animals;Technology]
windjammers,[Technology;Animals;Books]
cosigning,[Countries;Famous People]
Medina,[Historical Events;Music;Movies]
vulgarized,[Sports;Books]
ambulatory,[Sports;Food & Drink]
lagers,[Food & Drink]
underwritten,[Movies;Technology;Famous People]
Av,[Animals;Technology;Sports]
shrinks,[Music;Food & Drink;Animals]
beechnut's,[Technology]
Slater,[Historical Events]
repressed,[Countries]
salmonellas,[Music;Countries;Famous People]
uplifting,[Historical Events]
streptococcus,[Historical Events]
disdainful,[Food & Drink;Food & Drink;Historical Events]
quota's,[Sports;Movies;Music]
applicability,[Sports;Countries]
repression,[Famous People;Animals;Historical Events]
corm's,[Famous People;Books]
berried,[Sports]
mold,[Famous People;Animals]
Galilee's,[Countries;Movies;Music]
Palestine,[Books;Music;Sports]
schmaltziest,[Animals]
Sergei,[Food & Drink;Historical Events;Food & Drink]
stacking,[Music;Books]
welling,[Animals;Food & Drink]
colleen's,[Countries;Food & Drink]
joggling,[Countries;Historical Events;Technology]
probated,[Movies]
brunt's,[Technology;Movies;Music]
verbena,[Movies;Technology;Historical Events]
coach,[Music;Food & Drink]
Moho's,[Music;Food & Drink]
systematize,[Food & Drink;Music]
violinists,[Music]
heroics's,[Movies;Music]
defusing,[Animals;Food & Drink]
psychotherapist's,[Food & Drink;Books]
Sutton,[Famous People;Food & Drink;Food & Drink]
hygienically,[Animals]
Martin,[Food & Drink]
baffles,[Books;Historical Events]
trimaran's,[Books]
victimizes,[Technology;Countries]
pilgrim,[Food & Drink;Books;Sports]
Autumn,[Music;Music;Historical Events]
swiftest,[Historical Events;Music]
stargazers,[Sports;Historical Events;Technology]
barrette,[Food & Drink]
whackier,[Countries;Sports]
constricts,[Music]
pwns,[Food & Drink;Technology;Technology]
bigmouth,[Food & Drink;Food & Drink;Countries]
irony's,[Animals]
arteries,[Movies;Sports]
Araguaya,[Countries]
silence,[Books;Books]
dinginess,[Books]
forthcoming's,[Books]
prom's,[Food & Drink]
Neogene,[Music;Technology]
evener,[Technology;Food & Drink;Technology]
receiver,[Music;Animals]
vulcanizes,[Movies;Music;Historical Events]
Hutton,[Famous People]
tenth,[Technology;Food & Drink]
energizer,[Food & Drink;Books]
clue,[Countries]
restoring,[Movies;Animals]
nationality,[Animals;Sports;Historical Events]
stoops,[Food & Drink;Technology]
Lt,[Animals;Food & Drink;Books]
tasselled,[Countries;Food & Drink;Animals]
togae,[Food & Drink]
Otis's,[Music;Countries]
Benita's,[Music]
demarcation,[Technology]
flunk's,[Music]
northwestward,[Movies;Countries;Technology]
seconded,[Food & Drink;Food & Drink;Animals]
syncopated,[Animals]
clomped,[Famous People]
sportscasters,[Food & Drink;Books]
gayest,[Movies;Animals]
episcopacy,[Movies;Countries;Movies]
trotted,[Famous People;Historical Events]
Malian,[Countries;Countries;Countries]
interj,[Music;Animals]
lending,[Countries;Sports]
wistarias,[Food & Drink;Animals;Music]
genome,[Music;Food & Drink;Countries]
designs,[Books;Movies;Movies]
Ohio's,[Books]
spotlighting,[Technology;Movies;Music]
specializations,[Sports]
bogeymen,[Historical Events]
divider's,[Historical Events;Food & Drink]
Copernican,[Animals;Famous People]
Telemann's,[Books;Food & Drink]
Conley's,[Countries;Music]
spindly,[Books;Technology;Countries]
ocelot's,[Books;Famous People]
lounge,[Movies;Music;Sports]
motivators,[Books;Sports]
Virgo,[Countries;Technology]
combative,[Food & Drink;Countries]
cloister's,[Countries;Countries]
convergences,[Books;Music]
oddities,[Technology;Countries;Famous People]
pilasters,[Famous People;Books;Music]
startup's,[Famous People]
parallelogram's,[Food & Drink]
goldsmiths,[Movies;Books]
louvre's,[Countries]
Pliny,[Movies;Animals;Sports]
Sc,[Sports;Food & Drink;Technology]
pluralized,[Music]
Son's,[Music;Sports;Music]
destructiveness,[Countries]
prejudicial,[Movies;Music]
ream,[Sports;Technology;Technology]
effete,[Books]
topic's,[Books;Movies;Technology]
Lima's,[Food & Drink;Food & Drink]
Concords,[Music]
glance,[Famous People;Sports;Movies]
Salvatore's,[Famous People]
indecency's,[Sports;Animals;Famous People]
Tuscaloosa,[Countries;Historical Events]
choreography,[Food & Drink;Famous People;Movies]
Eaton,[Books;Technology]
appetizer's,[Music;Technology;Famous People]
steadiness,[Books;Technology;Movies]
uncensored,[Movies]
godchild,[Famous People;Famous People]
CNN,[Books;Movies;Countries]
centralized,[Food & Drink;Countries;Technology]
cinchona's,[Famous People;Movies;Food & Drink]
quilting's,[Historical Events]
lackey's,[Countries;Movies]
uncompromisingly,[Countries;Food & Drink;Famous People]
enables,[Books;Countries;Music]
Hinayana's,[Historical Events]
nest's,[Animals;Sports]
locavore's,[Technology]
overhands,[Famous People;Books]
astrakhan's,[Sports]
Zephaniah's,[Music;Books;Famous People]
entries,[Food & Drink;Sports;Food & Drink]
fowled,[Music]
rices,[Sports]
effusiveness,[Countries;Music;Books]
Nostradamus's,[Famous People;Animals;Historical Events]
unpatriotic,[Food & Drink;Music;Food & Drink]
blowguns,[Food & Drink;Sports;Music]
funnelled,[Historical Events;Food & Drink;Sports]
disrespectfully,[Countries]
razes,[Sports;Books;Technology]
heritages,[Movies;Animals]
flimflams,[Books]
emigrants,[Historical Events;Famous People]
selfishness,[Animals;Technology;Movies]
bravuras,[Books;Movies;Historical Events]
shantytown's,[Music]
portable's,[Music;Countries]
trivia's,[Sports;Sports;Sports]
Page,[Countries;Food & Drink;Historical Events]
Pakistanis,[Sports;Animals;Technology]
resurgent,[Countries;Music;Historical Events]
resound,[Books;Books]
heartland,[Historical Events;Food & Drink;Historical Events]
crate,[Famous People;Food & Drink;Food & Drink]
ghost,[Technology;Historical Events]
bankrupt,[Technology]
recoup,[Animals;Countries]
Barrett,[Technology]
butted,[Food & Drink]
militia's,[Movies;Animals]
smidgin's,[Sports;Movies;Animals]
NATO,[Technology]
personifications,[Technology;Books;Food & Drink]
Cruikshank,[Famous People;Historical Events;Animals]
accusation's,[Movies]
authors,[Music]
hubby,[Music;Technology]
chilies,[Food & Drink]
teetotaller's,[Food & Drink]
pomposity's,[Food & Drink;Food & Drink;Countries]
liquidises,[Books;Countries]
photosensitive,[Countries]
wattage,[Countries;Sports;Food & Drink]
omens,[Famous People]
birded,[Historical Events;Books]
jalopy,[Sports;Movies;Movies]
interstellar,[Famous People]
blood,[Books;Countries;Technology]
ambassadorships,[Food & Drink;Historical Events;Historical Events]
hotcakes,[Movies;Countries;Famous People]
timings,[Books;Sports;Books]
neatness's,[Sports;Technology;Historical Events]
legwork's,[Countries]
forbearance's,[Books]
syndromes,[Famous People;Technology;Music]
maharajah,[Movies]
schedule's,[Historical Events;Animals]
Abner's,[Movies]
gyroscopes,[Famous People;Food & Drink]
Negroid's,[Historical Events]
subsidizes,[Sports;Countries;Music]
fixedly,[Famous People;Famous People]
decathlon's,[Movies;Countries]
Haywood,[Famous People;Music]
hidden,[Sports;Movies;Animals]
frenetic,[Countries]
Belarus's,[Sports]
Dan,[Movies]
complacently,[Music;Sports]
scamper's,[Famous People;Famous People;Food & Drink]
magma's,[Books]
radars,[Countries;Animals]
captured,[Books;Countries;Books]
mod's,[Historical Events;Technology]
TV's,[Animals]
feminine,[Food & Drink]
medley's,[Movies]
Heinz,[Books;Famous People]
Attlee's,[Books;Food & Drink;Animals]
guilder,[Music]
excavation,[Sports;Food & Drink;Books]
inferential,[Famous People;Technology;Countries]
impair,[Technology]
flounce's,[Famous People;Food & Drink]
nest,[Historical Events;Music]
sketches,[Countries]
Freemason,[Food & Drink;Technology]
terrifies,[Famous People;Historical Events]
solvent,[Animals;Music]
Gillette,[Countries;Countries]
flattop,[Movies;Books]
plod,[Movies]
Napster,[Historical Events;Books]
whinnies,[Famous People;Sports;Sports]
tromping,[Countries]
Copenhagen,[Food & Drink;Animals;Animals]
nonhazardous,[Historical Events;Famous People;Famous People]
Windsors,[Historical Events;Animals;Historical Events]
Huron's,[Music]
rends,[Movies;Technology]
statesman's,[Movies;Animals;Famous People]
Hopi,[Countries;Sports;Sports]
broached,[Sports]
uvula,[Countries;Books;Music]
guardsman's,[Sports]
duped,[Countries;Countries]
twinkles,[Famous People]
scares,[Historical Events;Music]
sassafras,[Food & Drink]
bantamweights,[Books]
Venezuelan's,[Historical Events]
concerned,[Historical Events]
mainframes,[Music;Music;Technology]
motor's,[Animals]
ohm,[Famous People]
barrage,[Countries]
should,[Countries]
disco's,[Famous People;Historical Events]
baa,[Food & Drink;Animals]
stockpile,[Animals;Famous People;Music]
Choctaw,[Technology;Books]
May,[Technology;Movies]
gaunt,[Animals;Technology;Historical Events]
bedclothes,[Animals;Sports]
weeing,[Food & Drink;Sports]
mile,[Famous People]
ejaculates,[Countries]
disinherit,[Sports]
hoard's,[Sports;Sports;Technology]
Winfred,[Movies]
cedilla,[Books;Movies;Technology]
sleepwalk,[Books;Famous People]
enrolment,[Sports;Famous People]
buffoons,[Historical Events;Countries]
prostitution's,[Historical Events;Countries]
understanding's,[Historical Events]
Belleek's,[Food & Drink;Historical Events;Animals]
rood,[Food & Drink]
guiltiness,[Famous People]
lumberjack,[Technology;Music]
polite,[Famous People]
axe,[Technology;Sports]
cursor,[Technology;Historical Events]
ordained,[Books;Books;Music]
caricaturists,[Countries]
Woodward's,[Countries;Sports]
fits,[Animals;Countries;Music]
hearken,[Countries]
Dario's,[Historical Events;Countries;Food & Drink]
FAQ,[Movies;Books]
loons,[Music]
shelf's,[Food & Drink]
dervishes,[Music;Famous People;Famous People]
carelessly,[Books;Movies]
positively,[Sports]
anaconda's,[Historical Events;Countries;Sports]
sidestroked,[Technology;Countries;Animals]
felting,[Historical Events;Technology]
coasting,[Animals]
ruptures,[Historical Events;Historical Events]
corralled,[Movies]
shaping,[Food & Drink;Countries]
cough's,[Historical Events;Books]
Pravda,[Technology]
expendable's,[Sports;Animals]
catsup's,[Animals]
formalize,[Technology;Animals]
antithesis's,[Sports;Food & Drink]
truss's,[Technology;Famous People;Famous People]
inviolable,[Movies]
farmhouse,[Countries;Animals]
aesthetic,[Countries;Sports;Famous People]
redundancy,[Food & Drink]
damage,[Music;Sports]
Sousa,[Food & Drink;Historical Events]
Sterno,[Music]
tequila's,[Famous People]
phoebe's,[Animals]
saucer's,[Countries;Books;Countries]
agglomerating,[Technology;Movies;Food & Drink]
Sen,[Music;Animals]
proscribe,[Movies;Sports]
bloodmobile,[Animals;Countries]
tether's,[Historical Events;Music;Food & Drink]
Ogilvy's,[Books;Sports]
gabardines,[Music;Books]
Tsingtao,[Technology;Movies]
distracting,[Food & Drink;Historical Events]
slightness's,[Music;Books]
swatch,[Countries;Sports;Countries]
redskin,[Technology;Historical Events]
heightening,[Movies;Animals]
deadbolt's,[Famous People]
syllabi,[Food & Drink;Sports;Famous People]
mutation's,[Music]
sermons,[Music;Countries;Movies]
Blake,[Famous People;Technology;Technology]
Peabody's,[Food & Drink;Movies;Technology]
calendars,[Historical Events;Countries]
budged,[Movies;Food & Drink]
Voyager's,[Books;Animals]
bogieing,[Animals;Sports;Famous People]
septic,[Music;Sports]
awfulness,[Food & Drink;Music;Books]
Terrence's,[Sports;Music;Music]
contuses,[Animals;Music;Movies]
choosey,[Famous People;Animals]
Carla's,[Movies]
Gantry,[Food & Drink]
reeve,[Movies]
cagey,[Historical Events;Historical Events;Movies]
overcrowds,[Animals]
Hubert,[Music]
underpinning's,[Music]
shipwrecking,[Historical Events;Books]
mistletoe,[Historical Events;Music;Books]
disappointments,[Animals;Famous People;Movies]
intricately,[Historical Events]
memo,[Animals;Technology;Books]
commuter's,[Books]
melanomas,[Animals;Historical Events;Historical Events]
sandbars,[Music;Food & Drink;Music]
concept,[Movies;Technology]
storekeeper's,[Historical Events;Food & Drink;Food & Drink]
executrices,[Food & Drink;Food & Drink]
humbug,[Sports]
ambled,[Movies]
census,[Technology]
tuckered,[Famous People]
legionnaire's,[Countries]
potentiality's,[Animals]
underused,[Music]
incarnate,[Famous People;Technology;Famous People]
flatcar's,[Historical Events;Books;Famous People]
portioning,[Sports;Food & Drink;Food & Drink]
atrophies,[Historical Events]
followups,[Books;Countries]
competed,[Sports]
rinses,[Books;Famous People]
itinerant's,[Famous People;Countries;Movies]
reachable,[Music;Technology;Animals]
attenuated,[Music;Historical Events]
preciseness's,[Technology]
glorify,[Food & Drink;Famous People;Music]
impediments,[Technology;Technology]
Sm's,[Historical Events;Famous People]
San's,[Famous People]
coexisting,[Food & Drink;Music;Music]
cunt,[Movies]
billow,[Historical Events]
earfuls,[Food & Drink;Famous People]
begrudge,[Music]
sufferance,[Sports;Historical Events]
Matilda's,[Music]
scribbling,[Books;Music]
Pilcomayo's,[Technology;Historical Events]
shiftier,[Food & Drink]
pailfuls,[Food & Drink]
collocated,[Food & Drink;Famous People;Music]
laboratory's,[Movies]
quavers,[Food & Drink;Music;Sports]
steps,[Music]
bracelet,[Movies]
actuarial,[Music]
mulish,[Sports;Technology;Food & Drink]
gestation's,[Famous People;Food & Drink]
translate,[Music;Technology;Animals]
awed,[Movies;Movies;Movies]
Wasp,[Technology;Famous People;Animals]
barium,[Books]
peacefully,[Countries;Sports;Sports]
ordained,[Food & Drink]
trek's,[Movies;Music]
Fredric's,[Food & Drink]
wolfish,[Technology;Food & Drink;Technology]
reorganizes,[Sports;Technology]
bates,[Countries;Countries;Music]
sophistries,[Books;Historical Events]
lyricist,[Food & Drink;Animals;Animals]
Baryshnikov's,[Music]
scrams,[Movies;Music;Animals]
Comte,[Sports]
Frobisher's,[Movies]
cozy,[Music;Animals;Music]
auditing,[Famous People;Food & Drink;Sports]
deprecates,[Books;Famous People]
egotist's,[Food & Drink;Sports]
stillbirth,[Books;Countries]
demigod's,[Famous People;Animals;Famous People]
rightists,[Technology]
gillions,[Historical Events]
probationers,[Famous People;Music;Famous People]
diuretic's,[Famous People;Food & Drink;Food & Drink]
crouch,[Movies;Music;Books]
clutches,[Music;Music;Music]
BBSes,[Technology;Animals;Famous People]
Hamitic's,[Sports;Sports]
Nevsky,[Food & Drink;Food & Drink;Historical Events]
Gounod's,[Famous People]
Nell,[Technology;Famous People;Countries]
pep,[Animals]
Yvonne,[Sports;Sports]
pregnancy's,[Famous People]
overhand,[Music;Famous People]
hypochondria's,[Countries;Technology;Food & Drink]
litanies,[Famous People;Countries;Books]
gynaecology,[Music;Technology]
typewritten,[Food & Drink;Historical Events]
subjectively,[Countries]
manoeuvrability,[Countries]
mingles,[Historical Events;Movies;Movies]
overachieves,[Music;Historical Events]
harbinger's,[Historical Events;Food & Drink;Historical Events]
sanctification,[Music;Technology]
ostentatiously,[Animals;Countries]
riffling,[Technology;Movies]
noisiest,[Technology]
lowliest,[Food & Drink]
thiamin,[Countries;Movies;Music]
tombstone's,[Technology;Movies;Food & Drink]
subhuman's,[Music;Countries;Music]
parenthesis,[Animals]
Turkey's,[Movies]
neoclassicism,[Historical Events;Famous People;Countries]
shlepp's,[Books]
teammate's,[Historical Events;Music]
slough,[Movies]
chickenpox,[Famous People]
turbulence's,[Food & Drink;Technology]
betided,[Sports]
Starr,[Famous People;Music]
price,[Countries]
spacecraft,[Books]
emu's,[Historical Events]
lubrication,[Famous People]
calcite's,[Countries;Famous People]
overtaxing,[Food & Drink;Animals]
sera,[Animals]
rationed,[Movies;Movies]
witless,[Food & Drink;Technology]
musing's,[Music;Countries;Sports]
adequacy's,[Animals;Technology]
Paleolithic,[Countries;Countries;Famous People]
practise's,[Animals;Books;Famous People]
expropriating,[Historical Events]
housekeeper,[Animals;Movies;Countries]
Alsace's,[Technology;Music;Sports]
Canadian's,[Books;Countries]
presuppose,[Movies;Technology;Technology]
practises,[Famous People;Sports;Countries]
Bailey's,[Historical Events;Sports;Books]
SIDS's,[Movies;Music;Movies]
schussed,[Music;Sports;Animals]
transitted,[Sports;Books;Famous People]
remedies,[Sports;Technology;Books]
leisure's,[Sports]
fortes,[Famous People]
ebonies,[Sports;Food & Drink;Historical Events]
riffles,[Famous People;Animals;Animals]
slush,[Music;Historical Events;Technology]
witticism,[Technology]
Mancini,[Movies]
dahlia's,[Technology;Countries]
screwdriver,[Technology]
mundanes,[Sports;Technology;Famous People]
Messianic,[Music;Books;Sports]
anchormen,[Animals]
sybarites,[Music]
acanthus,[Famous People;Movies;Food & Drink]
trinity,[Movies;Technology]
saucepans,[Movies;Countries]
presumed,[Countries;Animals;Countries]
earache,[Countries;Animals;Animals]
sweetbread's,[Movies]
neutrality,[Music;Food & Drink;Music]
horsefly,[Books;Technology;Sports]
tweeters,[Historical Events;Movies;Animals]
Negroids,[Famous People]
radiotherapist's,[Books;Technology]
profusion's,[Music;Historical Events]
stranger,[Food & Drink]
complementing,[Books]
measured,[Books;Food & Drink]
tributes,[Countries]
biasing,[Books;Movies;Movies]
Isaiah,[Food & Drink]
adventurer's,[Famous People]
capsuled,[Movies]
quarry's,[Animals]
snip,[Sports;Countries]
unfavorable,[Sports]
bo'suns,[Food & Drink;Sports;Movies]
wearily,[Famous People]
Salvatore's,[Animals;Movies]
piquancy's,[Historical Events]
corps,[Technology;Food & Drink;Countries]
Chesterfield's,[Music]
coral,[Music]
ironwork's,[Technology;Food & Drink;Historical Events]
activate,[Books;Books]
Lakeisha,[Sports;Animals]
Shevardnadze's,[Movies;Music;Famous People]
Shijiazhuang,[Technology;Famous People]
withers,[Historical Events;Music;Books]
transmitter's,[Technology;Food & Drink;Sports]
Passovers,[Food & Drink;Historical Events]
redistribution's,[Music]
gurney,[Animals;Countries]
president,[Historical Events;Historical Events]
thoughtfulness,[Food & Drink;Countries]
jabbered,[Sports]
magnifying,[Food & Drink]
Muscovy,[Famous People;Countries;Famous People]
lifeguards,[Animals;Famous People]
encompass,[Historical Events;Movies;Music]
pugilistic,[Countries;Animals]
sedge's,[Countries;Animals;Famous People]
paragon,[Food & Drink]
feed's,[Music]
harbours,[Famous People;Famous People;Countries]
bugbear's,[Famous People;Technology]
Mencken's,[Technology]
Christy's,[Food & Drink;Sports]
Don's,[Animals;Books;Countries]
disjointedly,[Sports;Animals]
ethic's,[Animals]
student,[Historical Events;Movies;Famous People]
cardsharps,[Historical Events;Music;Famous People]
pulling,[Technology;Books]
prefect's,[Famous People]
marvel,[Sports;Famous People;Music]
inclosures,[Music;Animals;Books]
piazze,[Technology;Animals]
Heidi's,[Movies]
horseshoe's,[Movies;Technology;Sports]
birthdays,[Animals]
trending,[Historical Events;Movies;Historical Events]
noon,[Technology]
larva,[Movies]
binderies,[Animals;Countries;Movies]
midwifed,[Sports]
depositions,[Animals;Famous People]
buckskin,[Music]
despising,[Movies;Historical Events]
entombing,[Food & Drink]
tardier,[Historical Events;Music;Sports]
saloon,[Movies;Countries;Countries]
schusses,[Countries;Countries;Movies]
sultans,[Historical Events]
dissoluteness,[Sports;Historical Events]
irascible,[Food & Drink;Famous People]
lawful,[Historical Events;Music;Historical Events]
microfilm,[Famous People]
subjectivity,[Famous People;Famous People;Sports]
foresee,[Books;Books]
rifle,[Food & Drink]
appliqué's,[Countries;Sports]
soothing,[Movies;Movies;Technology]
jazz's,[Famous People]
perfected,[Countries;Historical Events;Books]
tamely,[Books]
Bic's,[Historical Events;Books]
sportsman's,[Sports;Sports]
Taegu's,[Books;Sports]
squalls,[Movies]
bath's,[Music;Books]
infection,[Technology;Sports;Historical Events]
assuring,[Famous People]
Mizar's,[Food & Drink]
siestas,[Music;Technology]
learning's,[Books]
halfback's,[Technology]
monoxide's,[Technology]
priesthoods,[Countries;Animals]
Corinne's,[Books;Animals;Sports]
carousels,[Food & Drink]
flatiron,[Food & Drink;Books]
yuppie,[Famous People]
joyless,[Books;Technology]
eyeballed,[Movies]
interleaved,[Books;Animals]
salving,[Books;Animals]
presides,[Technology;Animals]
pie,[Books]
plucks,[Music;Music;Historical Events]
creek,[Famous People;Movies;Sports]
formalize,[Sports;Books]
haunch,[Sports;Animals;Historical Events]
Britannica's,[Countries]
slenderizes,[Music;Movies;Movies]
rewarded,[Movies;Sports]
Angela,[Technology;Countries]
peregrination,[Animals]
tonnages,[Movies;Animals;Food & Drink]
beckon,[Historical Events;Music]
sawn,[Music;Books]
sedan's,[Technology;Technology]
avariciously,[Sports;Sports;Animals]
notebook,[Sports]
trimmings's,[Sports]
chintziest,[Movies;Books]
wuss,[Sports]
grandson's,[Animals;Historical Events]
summation,[Sports;Animals;Movies]
bins,[Food & Drink;Movies]
Bach's,[Historical Events]
outperforms,[Books;Technology;Animals]
torpid,[Food & Drink;Sports;Animals]
tracheotomy's,[Countries;Historical Events;Movies]
limier,[Books;Books]
pollster's,[Movies;Countries]
induce,[Music;Movies]
coercion,[Technology;Books]
flamenco,[Technology;Sports]
Schelling,[Music]
Auriga's,[Countries;Famous People]
holding,[Music]
relies,[Historical Events]
shipper,[Movies;Animals]
BO,[Famous People;Animals]
boys,[Countries;Countries]
Bangor,[Music]
transcribed,[Books;Food & Drink]
tigress,[Books;Music]
ineligibility's,[Sports;Music]
Koreans,[Historical Events;Movies]
tag,[Famous People]
teachers,[Food & Drink]
cursorily,[Historical Events]
bypass,[Books;Technology]
gimmicky,[Famous People;Technology;Animals]
jokers,[Famous People;Movies]
Pascal's,[Countries]
filming,[Countries;Music]
fortnight,[Historical Events;Books]
Pena's,[Music;Famous People]
Buffy's,[Countries;Sports]
teething,[Famous People;Movies;Famous People]
chroniclers,[Sports;Music;Sports]
undesirables,[Sports]
rambling,[Movies]
phages,[Music;Books;Music]
accessing,[Famous People;Animals]
flayed,[Books]
argue,[Music]
debarred,[Books]
scrubbiest,[Famous People]
blackened,[Sports;Books;Historical Events]
Ludhiana's,[Technology;Countries]
Vesalius,[Movies;Sports;Animals]
gallstone's,[Animals]
slavers,[Animals;Food & Drink;Music]
Bayreuth,[Famous People;Music;Famous People]
financing's,[Technology;Countries;Technology]
comparably,[Movies]
blat,[Animals]
joists,[Historical Events;Sports;Music]
erratically,[Countries;Movies]
bluffing,[Food & Drink;Famous People]
lankier,[Books;Sports]
delphinium,[Technology]
outlet's,[Sports;Music]
eagerness,[Music;Food & Drink;Countries]
marshmallow,[Music;Music]
Muhammadan,[Movies]
Alberto's,[Technology]
Urdu,[Famous People]
Ludwig,[Sports;Technology;Movies]
larger,[Historical Events;Historical Events]
deflating,[Books;Animals]
flamethrower's,[Technology;Technology;Movies]
tequilas,[Music]
grammatical,[Sports;Countries]
vaudeville,[Music;Animals;Famous People]
wail,[Famous People]
indulgence,[Music;Famous People;Animals]
tawnier,[Sports]
gusting,[Food & Drink]
portraits,[Animals;Countries]
tango,[Animals;Movies;Movies]
subpoena,[Sports;Technology]
hurts,[Sports;Music]
Alaric,[Food & Drink]
viewpoint,[Animals;Animals;Technology]
Bratislava,[Countries;Animals]
cueing,[Historical Events;Sports]
Daniels,[Historical Events]
coral,[Food & Drink;Animals;Famous People]
overbalance's,[Technology]
sheerer,[Books;Historical Events;Technology]
manipulated,[Music]
Medicaid,[Animals;Countries;Technology]
exorcized,[Books;Books;Books]
hicks,[Food & Drink;Sports;Sports]
parliamentarians,[Music;Famous People;Countries]
soppier,[Technology;Music]
Cameron's,[Movies]
boycotts,[Technology]
biologist's,[Sports;Movies]
mettlesome,[Technology;Famous People;Music]
snatch's,[Sports;Famous People;Animals]
sass,[Countries;Food & Drink]
dissemination's,[Animals;Countries]
hilliest,[Famous People;Music;Technology]
ingests,[Books;Sports;Animals]
zeppelins,[Movies]
recapping,[Movies;Sports;Movies]
philanthropy's,[Books;Books;Historical Events]
Gadsden's,[Movies]
BA,[Countries]
childishly,[Animals;Countries]
visuals,[Food & Drink;Music]
naturalized,[Animals;Movies;Sports]
moulded,[Countries;Countries]
Hohenstaufen,[Technology]
matchmaking,[Food & Drink;Technology;Famous People]
cynosure,[Historical Events;Countries;Food & Drink]
cabby,[Sports]
mingles,[Food & Drink;Books;Sports]
playgoer's,[Animals;Historical Events;Movies]
Aswan's,[Animals;Countries;Sports]
Bolivar's,[Technology;Sports;Books]
flagon,[Books]
Gordian,[Technology;Movies;Famous People]
Sherwood's,[Famous People]
seesaw,[Technology;Famous People;Countries]
husband's,[Historical Events;Famous People;Food & Drink]
sundering,[Sports]
Arron,[Animals;Animals;Animals]
encapsulated,[Music;Countries]
televise,[Historical Events;Music;Movies]
curlycues,[Technology;Books]
grins,[Animals;Books]
Leda,[Animals]
Babur,[Animals]
editor,[Technology;Countries]
Kim,[Movies;Books]
mescaline's,[Music;Food & Drink]
disengages,[Movies]
zodiac,[Movies;Historical Events;Famous People]
Barbuda,[Food & Drink;Music]
Latino's,[Music]
wrangling,[Music]
Wynn,[Food & Drink;Famous People]
Twinkies's,[Countries;Books;Food & Drink]
Caitlin's,[Technology]
amass,[Historical Events;Historical Events;Technology]
socializes,[Animals;Technology;Animals]
utterly,[Food & Drink]
weary,[Historical Events;Famous People;Music]
wayfarer,[Sports]
diadem's,[Food & Drink;Famous People]
plectrum's,[Animals]
intend,[Sports;Sports;Historical Events]
crunched,[Sports]
showings,[Food & Drink]
economic,[Historical Events]
inconsequentially,[Books]
Murdoch,[Countries;Sports]
gad,[Food & Drink;Books;Historical Events]
bawdiest,[Books;Food & Drink]
lockups,[Books;Animals]
intersecting,[Countries]
leaded,[Books;Animals]
wandering,[Movies;Technology;Food & Drink]
pursuers,[Sports;Music;Books]
aha,[Animals;Food & Drink]
improvement's,[Music;Historical Events]
genuflections,[Movies;Historical Events;Food & Drink]
Amundsen,[Countries]
draftiest,[Animals]
guardrooms,[Movies]
Julliard's,[Movies;Historical Events;Countries]
constriction,[Countries]
Fitzpatrick,[Technology;Food & Drink]
redevelopments,[Historical Events]
eyeballing,[Books;Famous People]
Meuse's,[Historical Events]
gab,[Animals]
penicillin,[Music;Historical Events;Movies]
racehorse's,[Movies;Music;Countries]
candying,[Sports;Music]
intern's,[Famous People]
opponent's,[Animals]
newlywed,[Movies]
puffier,[Famous People;Books]
jellyfish's,[Movies;Food & Drink;Sports]
late,[Famous People;Sports]
jolly's,[Movies;Sports;Music]
Numbers,[Historical Events]
prof,[Technology;Historical Events]
Macedonian,[Historical Events]
Chappaquiddick's,[Animals;Animals;Sports]
Nostradamus's,[Historical Events;Historical Events]
Slashdot's,[Technology]
gangplank,[Historical Events]
malnutrition,[Sports]
eyetooth,[Sports;Technology;Sports]
antes,[Animals;Movies]
clarioning,[Music;Music]
tuxedo,[Food & Drink]
cm,[Music;Countries]
undercoated,[Technology;Books]
sackcloth's,[Books;Books]
capaciousness,[Technology;Books;Historical Events]
jiving,[Music;Countries]
totem,[Famous People]
Ptolemy,[Famous People]
scoffed,[Famous People;Technology]
diodes,[Countries]
scholastically,[Technology;Countries;Historical Events]
marzipan's,[Sports;Countries;Animals]
reformer's,[Famous People;Historical Events;Food & Drink]
rhinoceroses,[Technology;Movies]
incursion's,[Music]
outsize's,[Books;Books;Music]
hobbyhorse,[Countries;Food & Drink]
submersion's,[Sports;Famous People]
chichi's,[Technology;Movies]
garter,[Movies;Movies;Famous People]
Brussels's,[Animals;Famous People]
briefly,[Sports]
moots,[Music;Countries]
tipsily,[Music;Countries;Food & Drink]
lieu's,[Animals;Movies]
Bran,[Sports]
matériel's,[Sports;Animals;Animals]
wildcat's,[Sports]
retreads,[Books;Famous People]
cheating,[Music;Countries]
repent,[Countries]
grossest,[Countries;Technology]
clack,[Movies]
rainmaker,[Sports;Movies;Books]
utterances,[Food & Drink;Animals;Movies]
fluorine,[Books;Countries]
mediation's,[Movies]
detonations,[Technology;Technology;Music]
Steuben,[Food & Drink]
aria,[Books;Famous People;Countries]
supervision,[Animals]
disentangling,[Sports;Countries;Books]
unworkable,[Technology;Food & Drink]
gaberdine,[Technology]
coven,[Books]
tilde,[Books]
consciousness,[Movies;Historical Events]
swaggerer,[Food & Drink;Historical Events]
kilocycle,[Technology;Famous People;Technology]
doers,[Food & Drink;Technology;Food & Drink]
parody's,[Historical Events]
leaked,[Movies;Animals]
bloomer,[Music]
ploughed,[Technology;Music]
colander,[Countries;Sports]
cuisine's,[Countries;Historical Events]
nears,[Food & Drink;Technology;Music]
Christ,[Animals;Animals]
audience,[Famous People;Technology;Historical Events]
allocate,[Movies;Animals]
exploitation,[Sports]
supernaturals,[Movies;Technology]
surfboard,[Technology;Historical Events]
summon,[Countries]
oh's,[Countries;Famous People]
rarely,[Movies;Sports]
anise,[Movies;Technology;Food & Drink]
censures,[Famous People]
dependents,[Historical Events;Historical Events;Animals]
bulkier,[Books;Technology]
cherubims,[Famous People]
fittings,[Historical Events]
Longfellow,[Movies]
spat,[Sports;Books;Books]
aspirant's,[Sports]
wit,[Books]
palomino,[Sports;Famous People]
sweatpants's,[Music;Countries;Technology]
rarefy,[Sports]
battleships,[Animals;Historical Events]
spectroscope's,[Technology;Movies;Sports]
chorused,[Technology;Movies]
playoff's,[Music]
Silurian,[Sports;Sports;Historical Events]
dimmed,[Historical Events;Countries]
Asimov's,[Music;Historical Events;Technology]
slouched,[Music;Music;Movies]
cardiogram,[Books;Movies]
commute,[Music;Books;Books]
Peshawar,[Food & Drink;Famous People]
Malians,[Technology;Sports;Historical Events]
nasals,[Food & Drink;Historical Events;Movies]
bitterns,[Food & Drink;Historical Events]
roundhouse's,[Technology]
blizzard's,[Animals;Books;Music]
snowshoed,[Historical Events;Food & Drink;Music]
tassel,[Historical Events]
Mathis's,[Sports]
inaccuracy's,[Historical Events;Technology]
Spenser's,[Food & Drink;Food & Drink;Movies]
exigencies,[Movies;Animals;Famous People]
martinis,[Sports;Sports;Food & Drink]
voltages,[Historical Events;Music;Music]
mandible's,[Animals;Books;Historical Events]
tray,[Books;Famous People;Animals]
snoopier,[Music;Historical Events]
olfactory,[Sports;Animals;Books]
dramatizes,[Music]
paradises,[Technology;Music;Music]
cathedral's,[Food & Drink;Historical Events;Food & Drink]
Brno's,[Historical Events;Technology;Books]
muse's,[Historical Events]
hector's,[Countries;Technology]
tincturing,[Music;Sports;Food & Drink]
attendant,[Movies;Books]
documentation,[Animals;Famous People]
trenching,[Famous People;Sports]
stirred,[Animals;Animals;Music]
Iberian's,[Technology;Food & Drink]
Lemuria,[Food & Drink]
chortles,[Movies]
Portsmouth,[Technology;Movies]
PMing,[Animals;Historical Events]
ballad's,[Historical Events]
furthermore,[Technology;Animals]
Verona,[Books;Historical Events]
toenail,[Movies;Famous People]
rejuvenation's,[Books;Books;Animals]
squalls,[Animals;Sports]
jehads,[Technology]
subsection's,[Movies;Countries]
Frenchwomen,[Historical Events]
trainer,[Animals;Food & Drink]
clinker's,[Books]
exactingly,[Food & Drink]
boozed,[Famous People;Countries]
varied,[Countries;Countries]
undecideds,[Famous People]
words,[Historical Events]
jabberers,[Animals]
Nunez,[Movies;Technology]
mattresses,[Books;Food & Drink;Technology]
spinner's,[Technology]
undersecretary's,[Food & Drink]
relegating,[Movies;Countries]
unbent,[Books;Sports;Food & Drink]
currant,[Sports]
jocosity's,[Animals;Countries;Sports]
weapon's,[Sports;Food & Drink;Countries]
unrecorded,[Sports;Sports]
discern,[Books;Food & Drink]
boors,[Movies;Food & Drink]
phoney's,[Food & Drink;Historical Events;Animals]
remarked,[Famous People]
reconnected,[Animals;Books;Food & Drink]
Patty,[Sports;Countries]
graphing,[Famous People;Books]
distilling,[Books]
Lane's,[Animals;Food & Drink]
crocodile,[Sports;Books]
ginkgo's,[Countries;Sports]
loyaler,[Technology;Historical Events;Animals]
eighteen's,[Technology;Historical Events;Countries]
whispered,[Historical Events;Sports]
sterling's,[Countries;Countries;Countries]
offed,[Sports;Countries;Animals]
limerick's,[Books]
Calvinisms,[Historical Events;Technology;Famous People]
half,[Famous People]
inhibit,[Historical Events]
Astarte's,[Historical Events;Music]
infirmary,[Music;Food & Drink;Countries]
overspread,[Books;Food & Drink]
hosteler's,[Technology;Animals;Food & Drink]
parboil,[Famous People;Music]
cirrus,[Famous People;Famous People;Technology]
interlude,[Sports;Famous People]
egging,[Historical Events;Countries;Famous People]
super,[Famous People;Famous People]
Zoroastrianism's,[Technology;Music]
rediscovered,[Food & Drink]
staffing's,[Animals]
Jidda,[Books]
jinn,[Famous People]
perjurers,[Sports]
fringing,[Famous People;Music]
kaftan's,[Sports;Food & Drink;Countries]
ball,[Movies]
firewall's,[Historical Events;Music;Movies]
trip,[Food & Drink;Historical Events;Animals]
meat's,[Movies;Technology]
undesirable's,[Famous People;Music;Books]
cribbage's,[Technology;Movies;Food & Drink]
see's,[Books]
outnumbering,[Music;Animals;Sports]
schooling,[Countries;Countries]
foods,[Sports;Food & Drink;Countries]
Ofelia,[Technology;Food & Drink;Movies]
patty's,[Music;Historical Events;Sports]
impartiality's,[Famous People;Food & Drink;Animals]
meadow,[Historical Events;Music]
extols,[Food & Drink;Historical Events]
ft,[Food & Drink]
elbowroom's,[Sports]
BITNET,[Movies;Animals]
substance's,[Books]
discording,[Famous People;Music]
Porrima,[Animals]
Heywood,[Movies]
pollster's,[Books;Famous People;Movies]
book,[Countries;Movies]
jingles,[Movies]
lanyard,[Music;Animals]
hibernated,[Countries;Famous People;Countries]
herald,[Animals;Movies;Music]
festivals,[Food & Drink;Food & Drink;Food & Drink]
dissipate,[Historical Events;Sports;Historical Events]
gaol,[Books;Technology;Famous People]
imparts,[Sports;Animals;Sports]
transient's,[Famous People;Sports;Books]
signposts,[Sports]
windswept,[Animals;Animals;Countries]
Tucson's,[Technology]
permits,[Countries;Sports]
Vatican,[Food & Drink;Countries]
forgone,[Music;Animals;Food & Drink]
fainest,[Sports;Sports;Food & Drink]
fail,[Sports;Animals;Animals]
carbine's,[Famous People;Music;Movies]
journeymen,[Food & Drink;Animals;Sports]
immunization,[Animals]
propane's,[Sports]
aureoles,[Animals]
lugging,[Music;Movies;Countries]
Cornelia's,[Animals;Movies]
frontispiece,[Technology;Sports]
apricot's,[Animals]
bracelet's,[Food & Drink;Technology]
cosmology,[Movies;Countries;Movies]
offshore,[Famous People;Technology]
monolith's,[Animals;Historical Events;Food & Drink]
scratching,[Historical Events]
outdistanced,[Sports]
gating,[Food & Drink;Technology;Movies]
Babar's,[Food & Drink;Sports;Famous People]
forswearing,[Movies;Famous People;Movies]
Curry,[Movies;Movies]
indeterminacy,[Animals;Technology]
outrigger,[Technology]
compartmentalizes,[Technology]
Colosseum,[Music;Countries]
Teflon,[Food & Drink;Sports;Music]
effervesce,[Books;Music]
comments,[Movies;Technology;Technology]
physicians,[Famous People;Animals;Music]
brisking,[Sports]
disfavour,[Music;Countries]
defensible,[Countries;Animals]
skein,[Books;Sports;Technology]
fetuses,[Historical Events;Books;Movies]
aging,[Movies;Famous People]
Guiyang's,[Food & Drink;Sports;Historical Events]
deficits,[Famous People]
snack,[Sports]
buyer,[Food & Drink;Technology]
objectives,[Countries]
lemons,[Historical Events;Animals]
proton,[Music;Books]
Pauli,[Books;Books;Food & Drink]
millers,[Technology;Food & Drink;Famous People]
downcast,[Famous People;Sports;Famous People]
Loki,[Historical Events]
incurables,[Sports]
washboards,[Music;Food & Drink]
truncation,[Movies]
bummer,[Food & Drink;Animals]
Lahore's,[Historical Events;Movies;Technology]
anchorman's,[Books;Famous People;Sports]
Decatur,[Sports]
abrasion's,[Animals]
deepfake,[Music;Food & Drink]
defences,[Movies;Movies;Countries]
catchall's,[Historical Events;Food & Drink;Music]
enthuse,[Books;Animals]
hundredths,[Books]
outgrow,[Animals;Animals;Countries]
overproduces,[Sports]
Gamow's,[Books]
pizzeria's,[Music;Food & Drink]
Jacquelyn,[Famous People;Historical Events]
cuisine,[Music;Historical Events;Historical Events]
wandering,[Animals;Countries]
sporran,[Books;Books;Historical Events]
Bacchanalia's,[Countries]
junco,[Countries;Sports;Books]
Maryanne's,[Historical Events]
damndest,[Sports;Food & Drink;Food & Drink]
palladium,[Music;Technology;Animals]
turnips,[Countries;Animals;Famous People]
prefabbed,[Animals;Sports;Famous People]
nationalists,[Movies]
scorching,[Music]
brawl's,[Animals;Countries;Famous People]
soapbox's,[Famous People;Countries;Movies]
tidal,[Music;Historical Events;Famous People]
earthwork's,[Animals;Sports]
opening's,[Sports;Food & Drink]
priestly,[Famous People]
transshipment,[Food & Drink;Books;Historical Events]
exodus,[Historical Events;Historical Events;Sports]
shortness,[Historical Events;Animals;Countries]
fraternally,[Books;Animals;Books]
terminator,[Famous People;Movies]
existentialist's,[Movies;Famous People]
scalloped,[Books;Countries]
Kahlua's,[Historical Events;Animals;Music]
Jana,[Food & Drink;Music;Food & Drink]
convulsion,[Food & Drink;Famous People;Sports]
havoc's,[Historical Events;Movies;Books]
midwife's,[Historical Events;Movies]
Goldie,[Music;Countries]
declaims,[Sports]
Lakisha,[Historical Events]
stench,[Music;Historical Events;Famous People]
debasement,[Sports]
arbutuses,[Animals]
requesting,[Animals;Movies;Technology]
progressions,[Historical Events]
sauciness's,[Technology]
undercurrents,[Historical Events;Music;Countries]
interpreted,[Music;Movies;Animals]
catchup's,[Countries;Countries]
Kerry's,[Sports]
stiff,[Countries;Famous People]
Kissinger,[Famous People;Movies]
sound's,[Sports;Famous People;Sports]
tubular,[Historical Events]
Luxembourg,[Music;Food & Drink]
surrealism,[Music;Countries]
snort,[Technology]
yearling's,[Technology]
distinction's,[Historical Events;Technology]
Voltaire's,[Animals;Sports;Music]
heartache,[Sports;Historical Events]
resents,[Movies;Food & Drink;Historical Events]
puny,[Movies;Sports]
antenna's,[Animals;Movies]
Lollobrigida's,[Historical Events]
static,[Technology;Food & Drink;Music]
astronautics,[Technology]
infinitives,[Countries;Food & Drink;Sports]
stopper's,[Food & Drink;Music;Books]
vanities,[Historical Events;Technology;Music]
cherishing,[Movies;Music;Music]
face's,[Movies]
playmate's,[Food & Drink;Books;Movies]
cox,[Movies;Technology]
formality's,[Movies;Countries;Books]
outcropped,[Historical Events]
cinematographers,[Technology;Countries;Historical Events]
awaited,[Technology;Famous People;Countries]
mentors,[Countries;Music]
atty,[Historical Events]
endangered,[Animals;Famous People;Historical Events]
nettle's,[Animals]
cricking,[Food & Drink;Countries;Historical Events]
anagram's,[Technology;Technology]
Donnell's,[Movies]
lass's,[Technology;Technology]
Illinois,[Movies]
Velázquez's,[Food & Drink;Sports;Books]
hybridize,[Technology]
flow's,[Technology]
buffs,[Countries]
Riddle,[Sports;Music;Books]
certitude's,[Animals;Historical Events]
Claudine's,[Books]
legate's,[Books;Music]
epoxy,[Technology;Food & Drink]
Vasquez,[Books;Music;Historical Events]
exposure,[Countries;Food & Drink]
Concepción's,[Technology;Animals;Historical Events]
ministrations,[Food & Drink;Animals;Music]
prowess's,[Food & Drink;Historical Events]
urinalysis,[Famous People]
juicily,[Music;Countries;Countries]
bashful,[Sports;Animals;Books]
trunks,[Famous People]
filtrating,[Famous People]
scrutiny,[Famous People]
hugeness,[Food & Drink]
ninjas,[Food & Drink;Countries]
damask,[Technology;Countries]
garret's,[Famous People;Sports;Food & Drink]
unicycle's,[Technology;Movies]
point's,[Historical Events;Famous People;Movies]
thirst,[Music;Movies]
utilitarianism,[Sports;Music]
wilting,[Technology]
Sigurd's,[Movies;Music]
workstation's,[Movies;Animals]
mailing,[Historical Events;Countries;Books]
hobnailed,[Historical Events;Animals]
Manilla's,[Books;Movies]
tang,[Technology;Food & Drink]
calligraphy,[Books;Food & Drink]
deviltry's,[Music]
uncharted,[Technology;Countries]
intersecting,[Technology;Historical Events]
billow,[Sports;Technology;Food & Drink]
carpeting's,[Food & Drink]
overture's,[Books]
conch,[Movies;Books;Countries]
Oakland's,[Historical Events;Historical Events]
synthesis,[Food & Drink;Famous People]
quirk's,[Animals;Animals;Food & Drink]
throttled,[Animals;Music]
ailment's,[Food & Drink]
solitary's,[Technology;Sports]
requiting,[Technology;Historical Events;Countries]
blustered,[Movies]
abase,[Technology;Historical Events]
kingship,[Movies;Music;Famous People]
cottonwood's,[Animals;Countries]
inundation,[Technology;Countries]
rouging,[Food & Drink;Famous People]
Odysseus's,[Technology]
escalator,[Sports;Music]
Pleiades's,[Historical Events]
adroitness,[Music;Animals]
splat,[Technology;Movies]
thumb,[Books]
bygone,[Animals]
nymphomaniac,[Sports;Movies]
pettier,[Music;Famous People;Sports]
inscrutable,[Sports;Animals]
extrinsic,[Countries;Movies]
wickets,[Animals;Books]
Duluth's,[Animals]
manuscript,[Historical Events;Sports]
skilled,[Historical Events;Movies]
shallot's,[Historical Events]
beryllium's,[Movies]
bray,[Music;Technology;Sports]
houseboats,[Famous People;Food & Drink]
satanism,[Countries]
orchard,[Countries;Famous People]
dying's,[Books;Famous People]
Rosalind's,[Sports;Historical Events;Movies]
epistemology,[Music]
lark's,[Technology]
avarice,[Historical Events;Countries]
travailed,[Sports;Food & Drink;Technology]
macrobiotics's,[Movies;Animals]
rusting,[Animals]
bashing's,[Food & Drink;Sports]
Cascades,[Famous People;Books]
Gay's,[Sports;Animals]
cachets,[Historical Events;Countries;Sports]
nix,[Sports;Music;Countries]
cramp,[Music]
Whiteley's,[Animals;Food & Drink]
initiations,[Music;Famous People;Animals]
fiasco,[Historical Events]
firewall's,[Famous People]
fentanyl,[Movies;Sports]
Josephson,[Movies;Animals]
uncalled,[Countries;Books]
polyphony's,[Famous People]
municipality,[Books]
mountaintops,[Animals;Countries]
pustule,[Countries;Animals;Technology]
framework,[Historical Events]
polarization's,[Animals;Books;Books]
slathering,[Food & Drink;Movies;Technology]
Russel,[Animals;Music;Books]
salvage,[Technology;Music;Sports]
undignified,[Books]
Achaean's,[Books]
segueing,[Countries]
HBO's,[Countries;Sports]
Boeotia,[Music;Food & Drink;Animals]
discreetest,[Countries]
joints,[Historical Events;Historical Events]
biorhythms,[Movies;Books;Sports]
swabs,[Movies;Movies]
OR,[Technology]
lecturing,[Famous People;Music;Animals]
pungency,[Animals;Movies;Historical Events]
turmoils,[Famous People]
mattocks,[Famous People;Food & Drink]
reverberation,[Movies;Historical Events;Movies]
commentator's,[Movies;Countries;Music]
Amsterdam,[Famous People;Technology]
abstinent,[Sports;Sports]
frontiersman's,[Historical Events;Countries]
hostler,[Countries;Food & Drink;Books]
splice's,[Technology;Animals;Music]
kilos,[Music;Food & Drink]
Edgardo,[Animals;Books;Sports]
eleventh,[Food & Drink;Food & Drink]
cramping,[Sports;Sports]
headgear,[Movies;Technology]
joggers,[Famous People]
exhaust's,[Technology;Famous People]
Vanessa's,[Historical Events;Technology;Historical Events]
Taipei,[Movies;Food & Drink]
gang's,[Food & Drink;Famous People;Historical Events]
Whitney,[Countries;Movies]
Beaumont's,[Famous People;Technology]
plateaued,[Countries;Animals;Animals]
reeducated,[Historical Events;Movies;Sports]
tribulations,[Movies;Food & Drink]
groomed,[Movies;Books]
Seminole,[Historical Events]
seaboard,[Countries;Famous People]
Vaduz's,[Sports;Music]
petard's,[Food & Drink]
harmlessly,[Famous People;Sports]
Bernie,[Countries;Famous People]
charts,[Movies;Movies]
ragweed's,[Books;Movies;Countries]
clichés,[Food & Drink;Books;Historical Events]
candlestick's,[Music]
sacking,[Famous People]
Smolensk's,[Animals]
vacillated,[Sports]
repayment's,[Countries;Music;Technology]
woollen,[Countries;Countries]
wrung,[Animals]
neuralgia,[Technology]
eighths,[Historical Events;Movies;Books]
technocrat's,[Movies]
peacocks,[Music;Sports]
Arminius's,[Food & Drink;Technology;Famous People]
sportsmanlike,[Countries]
junkiest,[Countries]
landlady,[Movies;Books;Historical Events]
checkers's,[Technology]
boomerang,[Famous People;Music;Music]
bewildered,[Food & Drink]
conchs,[Famous People;Historical Events;Technology]
merinos,[Countries;Technology]
Mohammedanism's,[Food & Drink;Famous People]
Hertz's,[Famous People;Sports;Animals]
overbite,[Sports;Sports;Animals]
metaphysics,[Music]
habits,[Historical Events]
tragedian,[Sports;Countries]
detriments,[Technology;Sports]
disinclines,[Food & Drink;Books;Sports]
shoehorns,[Technology]
WTO,[Historical Events;Movies]
shills,[Movies;Sports;Famous People]
alleges,[Food & Drink;Technology;Countries]
Montpelier's,[Technology;Books]
Alston,[Animals]
hickey,[Food & Drink]
pianissimos,[Movies]
tyranny's,[Music;Countries]
saturates,[Movies;Sports;Sports]
bongs,[Books;Music;Food & Drink]
covetous,[Technology;Books]
reverence,[Technology;Historical Events]
Pablum's,[Animals;Music;Historical Events]
outfield,[Food & Drink;Food & Drink;Movies]
Chaldean's,[Books]
brawling,[Food & Drink;Famous People;Technology]
transaction,[Food & Drink;Animals;Food & Drink]
Neva's,[Historical Events;Famous People;Music]
concessionaire's,[Movies]
adulteress's,[Countries;Movies;Sports]
sternums,[Historical Events;Food & Drink;Movies]
Stern,[Music;Technology]
cock's,[Books;Movies]
detaining,[Famous People;Sports]
skeptic's,[Books;Movies]
librettist's,[Famous People]
briquette,[Music;Countries;Countries]
tippled,[Books;Music]
Lucknow's,[Countries]
iterate,[Countries;Animals]
insurgent,[Movies;Historical Events]
Scheherazade,[Famous People;Animals]
gaiter's,[Food & Drink;Famous People]
starboard,[Sports;Historical Events;Famous People]
wheres,[Famous People;Music]
drivers,[Books;Animals;Sports]
Galileo's,[Technology;Music;Sports]
motorcyclists,[Famous People]
initialization,[Music;Famous People;Historical Events]
herbage's,[Famous People;Sports;Music]
fervently,[Historical Events;Animals;Movies]
Sol's,[Sports;Historical Events]
Deadhead,[Movies;Movies]
Wagnerian's,[Movies;Movies;Music]
ridgepole,[Food & Drink;Movies]
palliation,[Technology;Sports]
innocence's,[Historical Events]
raping,[Music;Countries;Food & Drink]
reasonably,[Animals]
abbot,[Food & Drink;Books;Famous People]
hackneyed,[Animals;Food & Drink]
bubbling,[Music;Movies]
womanly,[Technology;Countries;Movies]
Indies's,[Books;Countries;Movies]
or,[Food & Drink;Animals]
chancery,[Food & Drink;Sports]
wand,[Famous People;Animals]
freedoms,[Sports]
overhead,[Food & Drink;Technology;Technology]
Kerensky's,[Sports;Historical Events;Food & Drink]
Upjohn's,[Food & Drink;Music]
agriculturalist's,[Books;Historical Events;Food & Drink]
kept,[Technology;Countries;Animals]
liveliest,[Animals]
rushed,[Books]
ends,[Famous People]
Kristopher,[Music]
birthers,[Books;Animals]
earful's,[Animals;Music]
HBase's,[Countries]
cavalry's,[Animals]
twiggiest,[Music;Historical Events;Technology]
Poland's,[Countries]
jungle's,[Music]
exhalation,[Food & Drink;Movies;Sports]
canticle,[Movies;Food & Drink;Movies]
Britannia,[Sports;Famous People;Sports]
ignored,[Technology]
Vijayawada's,[Technology]
starkly,[Movies]
harks,[Historical Events;Music;Famous People]
culotte,[Movies;Music;Animals]
urban,[Sports]
evidently,[Sports;Animals;Sports]
taprooms,[Animals]
minorities,[Famous People;Food & Drink]
levelled,[Countries;Animals]
brook's,[Movies]
desolating,[Movies]
honeysuckles,[Countries]
intrepidly,[Sports;Animals;Movies]
hominy,[Technology]
gear's,[Famous People]
tee's,[Sports;Movies;Sports]
cobblestone's,[Animals;Sports;Sports]
Aventine,[Animals;Movies]
sari's,[Sports;Countries]
Fleischer,[Movies;Movies;Famous People]
Dreiser's,[Famous People]
spacecrafts,[Books;Movies;Animals]
cementing,[Books]
Sheol's,[Animals]
macrology,[Countries;Historical Events;Animals]
transience's,[Technology;Famous People;Countries]
batten,[Music;Movies;Music]
kennelling,[Historical Events]
testament,[Animals;Historical Events]
sunscreen,[Countries]
Ceres,[Countries;Music]
preside,[Movies;Music]
Ruth's,[Movies;Sports;Countries]
whittle,[Sports;Animals]
centilitres,[Books;Technology;Sports]
thick,[Books;Food & Drink]
scrofula,[Movies;Movies]
Zen's,[Countries;Animals]
hankies,[Books;Food & Drink;Food & Drink]
querulous,[Historical Events]
griddlecakes,[Technology;Animals]
stones,[Animals;Books;Books]
cosiest,[Books;Countries]
divisor,[Music]
marijuana,[Famous People;Books;Technology]
deranging,[Famous People;Food & Drink]
pontificate's,[Historical Events]
Lean's,[Historical Events;Sports]
interlude's,[Countries]
mpg,[Famous People;Technology]
truckle,[Sports]
proponent,[Countries]
autistic,[Countries]
obituaries,[Technology;Books]
pylon's,[Music;Movies;Sports]
infantry's,[Famous People;Sports;Music]
shrapnel,[Animals]
nimbus,[Food & Drink]
brazened,[Animals;Countries;Historical Events]
amateurish,[Movies]
herbicide's,[Technology;Food & Drink;Famous People]
satirical,[Historical Events;Music]
underwriting,[Famous People]
Johannesburg's,[Books]
agony's,[Sports;Movies]
omnipresence's,[Sports;Sports;Countries]
earbud's,[Books;Historical Events;Books]
technology's,[Historical Events;Books]
gearbox's,[Famous People]
allaying,[Technology;Technology;Technology]
Soave's,[Countries;Technology;Countries]
standoff's,[Animals]
vouching,[Famous People]
explosive's,[Music]
gamesmanship,[Food & Drink]
resonator,[Music]
strengths,[Technology;Books]
sleepyhead's,[Food & Drink;Famous People]
Putnam,[Countries]
horsemanship,[Movies;Sports;Movies]
crudités's,[Sports;Countries]
evading,[Famous People;Books]
tenpin,[Historical Events;Technology]
penthouses,[Food & Drink;Music]
Congregationalist,[Books]
gooier,[Books;Movies;Movies]
adherence,[Music]
retrenchment,[Movies]
ordinary,[Sports]
unfortunate's,[Countries;Famous People]
caboodle,[Sports;Countries;Countries]
Dino,[Famous People]
bludgeoned,[Music]
false,[Books;Technology;Technology]
Frenchwomen's,[Countries;Technology;Books]
Sequoya,[Historical Events;Historical Events]
quotations,[Books;Movies]
jingoists,[Movies]
supercomputer,[Technology]
maximization,[Animals;Food & Drink]
redefined,[Famous People;Books;Movies]
enterprise,[Animals]
twenties,[Food & Drink;Food & Drink;Animals]
courtier's,[Music]
aces,[Animals;Sports;Famous People]
wagered,[Animals;Famous People;Sports]
bevy,[Music;Sports;Books]
lasciviousness's,[Animals]
Torrens,[Countries;Movies;Technology]
ampere,[Music;Movies;Technology]
scalded,[Music;Food & Drink;Animals]
yank's,[Food & Drink;Technology;Animals]
NoDoz's,[Books;Famous People;Countries]
ravage's,[Countries;Food & Drink;Music]
showcase's,[Famous People;Countries]
misappropriation's,[Historical Events]
hernias,[Sports;Countries;Animals]
adaptation,[Famous People;Historical Events]
miscreant's,[Sports;Technology;Movies]
stooges,[Books;Music]
mangle's,[Movies;Food & Drink]
beachcombers,[Famous People;Animals;Music]
stormed,[Historical Events;Books]
Lincoln's,[Movies;Technology]
glamourized,[Technology;Famous People;Famous People]
painting,[Sports;Music]
blenches,[Historical Events]
guaranties,[Animals]
reenlisted,[Historical Events;Famous People;Countries]
demolitions,[Famous People]
cunts,[Food & Drink]
Hrothgar's,[Books]
Juarez's,[Countries]
arc's,[Sports;Movies]
updraught's,[Countries]
acacia,[Animals;Animals;Technology]
Darwinism,[Music;Food & Drink;Music]
carriage,[Sports;Technology]
Bonaparte,[Animals;Food & Drink]
runic,[Food & Drink]
chequer's,[Technology;Music;Animals]
unreadable,[Movies;Countries]
bogied,[Historical Events;Countries;Famous People]
sequenced,[Movies]
soapiest,[Famous People;Countries]
unsanctioned,[Technology]
sterling's,[Books;Historical Events]
demolished,[Music;Animals]
disparate,[Food & Drink;Animals;Sports]
attainments,[Historical Events;Music;Books]
fantasize,[Animals]
semifinalist's,[Sports;Sports;Countries]
clarified,[Technology;Movies]
Achernar's,[Technology;Sports;Movies]
psyches,[Movies;Historical Events]
assoc,[Food & Drink]
yanked,[Countries]
neon's,[Technology]
jostle,[Technology;Technology]
Kawasaki,[Food & Drink]
engender,[Animals;Famous People;Technology]
superman,[Historical Events;Music]
Windex,[Countries]
proctor,[Countries;Movies]
Irish's,[Animals]
energy's,[Food & Drink]
spinoff's,[Movies]
Tessie,[Famous People]
lilies,[Famous People;Historical Events;Food & Drink]
slapping,[Music;Music]
angularities,[Books;Countries;Movies]
firewall's,[Historical Events;Movies]
oceanic,[Food & Drink;Famous People]
shahs,[Books;Historical Events]
contraptions,[Animals;Countries;Technology]
affable,[Historical Events;Historical Events;Movies]
assignable,[Famous People]
Macbeth's,[Sports;Famous People]
extirpated,[Sports]
jolt's,[Movies]
disenchantment,[Food & Drink;Music;Movies]
emblem's,[Famous People;Movies;Books]
stance's,[Historical Events;Technology;Historical Events]
campy,[Historical Events;Technology;Famous People]
kilometres,[Movies;Historical Events]
resigns,[Famous People]
Bach's,[Animals;Countries;Sports]
Samoyed,[Food & Drink]
Joann,[Countries]
Pusan's,[Technology]
blistered,[Food & Drink]
eighteenth's,[Historical Events;Sports]
gigahertz,[Famous People;Books]
prominence's,[Movies;Music;Sports]
maleness,[Books;Movies;Countries]
quasar's,[Famous People;Music]
blaring,[Music]
Bavarian,[Music]
primers,[Technology]
wattled,[Famous People;Famous People]
prods,[Animals;Historical Events;Animals]
cent's,[Music;Movies]
Osman's,[Animals;Animals;Sports]
mortal's,[Historical Events;Music;Animals]
magnetization,[Famous People;Animals]
guideline's,[Movies;Music;Music]
signs,[Animals;Sports;Movies]
internationalized,[Famous People;Food & Drink]
rhubarbs,[Famous People;Animals]
Hungary's,[Movies;Food & Drink]
Jensen,[Famous People]
Colombia's,[Music]
Cameroon,[Movies;Sports;Famous People]
twelfths,[Famous People]
frontispieces,[Music;Countries;Famous People]
usurper,[Books;Famous People]
miserable,[Historical Events;Historical Events;Movies]
unrecorded,[Sports;Animals]
hornets,[Movies]
tweeter,[Sports;Technology;Famous People]
sonny's,[Sports]
throatily,[Historical Events]
overtone's,[Historical Events;Historical Events]
investigation's,[Famous People;Animals]
Jenner's,[Animals]
princeliest,[Music;Animals]
breadth,[Food & Drink]
plausibly,[Music;Countries;Historical Events]
fogey's,[Technology;Movies]
necks,[Animals;Music;Food & Drink]
Steinway,[Food & Drink;Music]
brutes,[Famous People;Sports;Music]
Samara's,[Movies]
uncaring,[Books;Music;Movies]
Aquila,[Famous People]
ed's,[Countries;Technology;Historical Events]
material,[Sports]
manure,[Technology;Countries;Countries]
Cheshire,[Famous People;Historical Events;Sports]
Pyongyang,[Famous People;Countries;Countries]
Heroku's,[Music;Sports]
detachment,[Animals;Food & Drink]
Gage,[Music;Technology]
blizzards,[Animals]
shopped,[Historical Events]
sufferers,[Books]
masquerader,[Sports;Food & Drink]
Dawes,[Books;Sports]
inalienable,[Movies]
capitols,[Music]
oh's,[Countries;Music]
praying,[Countries]
Cains,[Animals]
gnashing,[Countries]
Akron,[Animals;Countries;Animals]
incessantly,[Famous People;Historical Events;Music]
assign's,[Food & Drink]
linchpins,[Movies;Historical Events;Food & Drink]
w,[Movies;Animals;Sports]
Clemons's,[Sports;Animals]
naiad's,[Music;Music;Famous People]
Watteau's,[Famous People]
solely,[Books]
rug's,[Historical Events]
sequence,[Books]
Courbet's,[Books;Movies;Historical Events]
expurgated,[Sports;Sports;Historical Events]
groggier,[Historical Events;Animals;Food & Drink]
unattributed,[Books;Movies;Food & Drink]
demonstrative's,[Food & Drink;Technology;Countries]
Dale's,[Historical Events]
disqualifies,[Animals]
aisle's,[Historical Events;Sports;Food & Drink]
burqa's,[Sports;Animals]
contrition,[Movies;Historical Events]
brogue,[Music;Movies;Food & Drink]
fretwork,[Movies]
vizier,[Food & Drink]
inflect,[Movies;Sports;Famous People]
Thalia,[Animals]
penile,[Sports;Countries]
hallucinations,[Animals;Countries;Animals]
sandpiper's,[Sports;Countries;Animals]
Catholic,[Countries;Food & Drink]
Madeira,[Famous People;Sports]
Seattle,[Food & Drink]
privatest,[Famous People]
gamey,[Countries;Famous People;Historical Events]
lameness's,[Food & Drink]
controlled,[Famous People;Sports;Books]
snoops,[Historical Events]
wrap's,[Books;Music]
durability,[Countries;Historical Events;Famous People]
Selznick's,[Music;Famous People;Technology]
wrapper's,[Music]
Aldan,[Famous People;Technology;Countries]
Maimonides's,[Countries;Sports]
raggedness,[Technology;Movies;Historical Events]
overstatement's,[Countries]
Husserl's,[Music;Food & Drink;Food & Drink]
biofeedback's,[Music]
authenticity,[Technology;Animals]
mimosa's,[Technology;Historical Events;Animals]
sukiyaki's,[Technology]
shoeshines,[Technology;Books]
ouster's,[Food & Drink;Historical Events;Music]
dovetail's,[Food & Drink;Historical Events]
breathiest,[Historical Events;Famous People]
interviewees,[Technology;Books]
deli,[Music;Movies]
history,[Famous People;Movies;Countries]
Judases,[Food & Drink;Music;Movies]
Richter's,[Famous People]
preconceptions,[Books]
serener,[Historical Events;Sports]
abrupt,[Historical Events]
unfaithfulness,[Sports;Movies;Technology]
perpetuated,[Technology;Famous People;Animals]
cat's,[Books;Countries;Technology]
relaxation,[Food & Drink;Books]
pleasure's,[Books]
Park,[Technology]
hematology's,[Countries;Technology]
shlock,[Technology]
enjoyment's,[Historical Events;Animals]
indorse,[Food & Drink]
Diana's,[Food & Drink;Books;Countries]
tiredness's,[Technology;Books;Books]
Wilfred,[Technology;Historical Events;Movies]
warns,[Countries]
parboiling,[Technology;Technology]
monastery,[Technology]
grumpiness,[Countries;Countries;Food & Drink]
ionizers,[Movies;Food & Drink]
Zamora,[Historical Events;Famous People]
forcefulness's,[Sports]
quintuplet's,[Sports;Historical Events;Movies]
malt's,[Famous People;Music;Sports]
implausibly,[Books]
circumvented,[Technology;Books;Movies]
friendless,[Books]
tangiest,[Food & Drink;Countries]
Kaifeng,[Historical Events]
cube,[Countries]
quadrupeds,[Books;Animals;Sports]
angioplasty's,[Movies;Animals]
static's,[Famous People]
retinae,[Famous People]
appliqué's,[Technology;Music]
evaded,[Famous People;Historical Events]
Janacek,[Food & Drink;Food & Drink;Movies]
Rimbaud's,[Movies;Historical Events]
circuiting,[Movies;Music]
gustier,[Animals;Music;Movies]
exhibits,[Animals;Technology]
permissibly,[Animals]
razzes,[Technology;Food & Drink]
Albee's,[Historical Events]
Simon,[Food & Drink]
Thant,[Sports]
speaker's,[Countries;Animals]
Cheyennes,[Music;Technology;Books]
demilitarizing,[Food & Drink]
reminiscent,[Food & Drink]
sled's,[Technology;Music]
Denny's,[Books;Books]
proclivities,[Famous People]
cosignatories,[Movies;Books]
checkpoint,[Sports;Technology;Food & Drink]
transcendence,[Sports]
Morphy,[Technology;Books;Music]
solitude,[Famous People;Animals;Movies]
xxxv,[Famous People;Movies;Music]
ginseng,[Sports;Music]
Yale,[Famous People;Music]
Dido,[Movies]
toying,[Music;Movies;Famous People]
grove,[Books;Books;Sports]
husks,[Movies]
Cecily,[Historical Events]
centenary,[Famous People]
therefore,[Food & Drink;Countries;Historical Events]
dieter's,[Countries;Movies;Historical Events]
pubic,[Movies;Technology]
Uighur,[Food & Drink;Historical Events;Sports]
accompany,[Technology]
angering,[Books;Technology]
complexity,[Countries;Food & Drink]
traced,[Food & Drink;Historical Events]
gingham,[Countries;Historical Events]
Gustav's,[Books;Food & Drink;Technology]
smuts,[Countries;Famous People]
boozing,[Music;Sports]
dank,[Historical Events]
animator,[Sports]
muscular,[Food & Drink]
jackrabbit's,[Technology;Animals;Historical Events]
estimated,[Books;Famous People]
Hadrian's,[Historical Events;Sports;Technology]
reclamation,[Books]
edibility's,[Animals;Food & Drink;Countries]
seashell's,[Music]
beacon's,[Animals;Famous People;Music]
flaunting,[Food & Drink]
Olympiad's,[Food & Drink]
darting,[Sports]
gestation's,[Sports;Technology]
writhe,[Animals;Technology]
liquifying,[Sports;Books;Food & Drink]
remembrance,[Movies;Movies]
Mott's,[Sports]
checkmating,[Animals;Books]
severed,[Food & Drink;Historical Events]
neckline,[Countries;Movies]
girder's,[Music;Animals]
academic's,[Movies]
soliloquies,[Food & Drink;Historical Events;Technology]
gees,[Books;Food & Drink;Sports]
deprivation,[Historical Events;Historical Events]
biopsied,[Famous People;Food & Drink]
ruffling,[Food & Drink;Countries;Countries]
grovelled,[Famous People;Sports;Countries]
Orizaba's,[Food & Drink]
plodders,[Technology]
apostrophe's,[Sports;Sports;Music]
demeanor's,[Sports;Animals]
Jersey,[Books;Sports]
proviso's,[Animals]
italicized,[Historical Events;Movies]
manumit,[Famous People]
Cartier's,[Technology]
highjack,[Food & Drink;Movies;Countries]
zebras,[Countries]
nitpicked,[Animals;Famous People]
kibitzers,[Countries;Historical Events;Books]
actinium's,[Technology]
premiums,[Famous People;Countries]
typescript's,[Technology]
fusion,[Historical Events]
occlusions,[Countries;Famous People;Historical Events]
dodgy,[Food & Drink;Food & Drink;Music]
neutering,[Animals;Countries]
oxen,[Countries;Music;Historical Events]
hydroplanes,[Historical Events]
compulsively,[Countries]
vulgarizes,[Music;Famous People;Food & Drink]
conspirator,[Famous People;Food & Drink]
dismaying,[Animals]
Tagalog's,[Books;Music]
landlady,[Movies]
Islamist,[Technology;Historical Events;Movies]
massed,[Animals]
pimple's,[Sports;Movies]
camomiles,[Historical Events]
candlestick's,[Music;Countries]
protrudes,[Music]
chisel,[Music]
Horowitz's,[Historical Events;Countries]
leaving,[Movies;Movies]
Yellowstone,[Movies;Technology;Technology]
foments,[Music]
entrails,[Movies]
nosing,[Animals;Countries]
outfox,[Technology;Animals]
jested,[Famous People;Technology]
demagogue,[Music]
mire's,[Music]
expatriate,[Famous People]
scrutinizes,[Technology;Music]
sprite's,[Books;Historical Events]
accidentally,[Food & Drink]
strangers,[Books]
Os,[Historical Events;Movies;Historical Events]
promising,[Sports]
Peterson's,[Movies;Countries]
Mistassini,[Famous People]
touchstone,[Sports;Technology;Animals]
springtime's,[Food & Drink]
kookiness,[Books;Historical Events;Countries]
jig's,[Countries;Famous People]
quests,[Movies;Books;Books]
videotape's,[Music;Countries;Music]
credits,[Food & Drink;Food & Drink]
interim's,[Historical Events;Historical Events]
retributive,[Animals]
grange,[Food & Drink;Music;Books]
Kropotkin's,[Countries]
Jackson,[Books]
letup,[Books;Books;Movies]
loonie's,[Movies;Countries]
plagiarize,[Sports;Movies]
indecipherable,[Historical Events]
divisions,[Countries]
iterates,[Famous People;Countries;Music]
lassies,[Historical Events;Books]
Yaobang,[Technology]
clucking,[Movies;Countries;Music]
airily,[Music;Countries]
rebuilds,[Sports;Historical Events]
listener,[Food & Drink;Sports;Historical Events]
molded,[Countries;Technology;Food & Drink]
Gayle's,[Historical Events;Historical Events;Movies]
abruptly,[Sports;Sports;Food & Drink]
tepee,[Books;Famous People]
coccus,[Famous People;Music;Technology]
Ångström,[Technology]
Hussite,[Books;Animals;Sports]
farthest,[Famous People]
adverbials,[Books]
Zambia,[Historical Events;Books;Countries]
calmness,[Technology]
flamboyant,[Famous People;Sports;Technology]
schrod's,[Sports;Technology;Countries]
evicted,[Famous People]
hula's,[Historical Events;Famous People;Technology]
vilification's,[Famous People;Sports;Movies]
disagreement,[Famous People;Countries;Food & Drink]
authoring,[Famous People]
tangent's,[Sports;Animals]
paywalls,[Sports;Famous People;Historical Events]
Marjory's,[Sports]
retrenches,[Movies]
seascape's,[Movies;Music;Countries]
capture's,[Technology;Books;Famous People]
lightness,[Music]
Palmolive's,[Movies]
whelp's,[Technology]
those,[Music;Technology;Music]
airfoil's,[Historical Events;Technology]
wackiness's,[Technology;Animals]
lateness's,[Books]
legitimizes,[Books;Books;Famous People]
scan,[Sports]
Quirinal's,[Music;Movies]
comatose,[Countries;Animals]
dded,[Sports;Animals;Sports]
scribe's,[Animals]
scribbled,[Movies]
kahunas,[Movies;Famous People]
Jagiellon's,[Movies;Music;Movies]
extravagance,[Technology;Books]
Tasha,[Countries;Famous People;Countries]
riversides,[Books;Movies]
lyceums,[Food & Drink;Food & Drink;Sports]
snowshoe,[Animals;Countries]
thrushes,[Historical Events]
grievance,[Technology;Countries;Music]
pulse,[Music;Food & Drink;Movies]
optical,[Food & Drink;Countries;Movies]
strengthening,[Books;Sports]
anecdote's,[Historical Events;Sports]
Gethsemane's,[Movies]
Catalonia's,[Technology]
martyr's,[Animals;Food & Drink]
Jurua's,[Historical Events]
focussing,[Music]
outstretch,[Countries]
stingier,[Movies;Historical Events;Historical Events]
insensibility,[Famous People;Animals]
improvises,[Movies;Sports]
cockles,[Food & Drink]
Eisner's,[Food & Drink;Technology;Famous People]
crimsons,[Animals;Technology;Movies]
Juniors,[Music]
Maalox's,[Famous People;Music]
Riefenstahl's,[Famous People;Technology]
contractions,[Movies;Books;Countries]
griming,[Famous People;Historical Events]
evolves,[Technology;Animals]
communique's,[Music;Famous People;Food & Drink]
Martinez,[Movies;Technology]
floodlighted,[Historical Events;Technology]
replications,[Famous People;Animals]
limerick's,[Historical Events;Historical Events]
pettily,[Countries]
madrassas,[Animals]
whim,[Sports;Historical Events;Technology]
meshed,[Technology]
argon,[Technology;Countries;Famous People]
pita's,[Historical Events;Sports;Sports]
clockwork's,[Food & Drink;Movies]
wildebeests,[Animals]
Scotchmen's,[Animals;Famous People;Movies]
jumpsuit's,[Food & Drink]
clothier,[Historical Events;Technology]
published,[Famous People]
petrolatum,[Technology]
Oberon's,[Countries]
indigents,[Animals]
Stephen,[Countries]
Fortaleza,[Food & Drink;Books]
baling,[Books]
Wallis,[Music;Movies;Animals]
reprise's,[Technology;Famous People;Sports]
pram,[Books;Countries]
Summers's,[Sports]
Hays,[Technology;Music]
bowlers,[Food & Drink;Books]
diastolic,[Countries;Music;Books]
unfairer,[Technology;Historical Events]
garments,[Sports;Food & Drink]
interceded,[Food & Drink]
distorter,[Books;Food & Drink]
inhered,[Food & Drink;Music]
cosmology,[Countries]
bearskin,[Technology]
prostrates,[Books;Famous People;Food & Drink]
Lothario's,[Historical Events;Movies;Food & Drink]
demitasse's,[Sports]
waywardly,[Historical Events;Movies]
omnivorous,[Technology]
expropriating,[Movies;Countries;Books]
Glaswegian's,[Technology;Technology;Food & Drink]
centenarian's,[Sports;Technology;Technology]
shammed,[Sports;Technology;Famous People]
freewheels,[Books;Historical Events]
covens,[Famous People;Movies]
personalizes,[Music;Food & Drink;Books]
accomplices,[Books]
liqueur's,[Food & Drink]
amended,[Animals;Historical Events]
misinform,[Animals;Books]
Graham's,[Movies;Famous People]
spurred,[Sports]
speculation's,[Technology;Books]
flail's,[Food & Drink;Sports;Sports]
insists,[Famous People]
splaying,[Animals;Music;Food & Drink]
literate,[Technology]
pantheon's,[Books;Books;Countries]
plucky,[Historical Events;Food & Drink;Movies]
clerk's,[Technology]
Ines,[Technology;Technology;Animals]
coaches,[Books]
obtuse,[Countries;Technology]
larks,[Books;Movies;Books]
vignetting,[Food & Drink;Music]
uncomplaining,[Sports]
Hendricks's,[Music]
sibilants,[Countries;Historical Events]
preregister,[Sports;Food & Drink]
livers,[Countries;Books]
longhand,[Technology;Historical Events]
span's,[Famous People]
reelected,[Animals;Music;Famous People]
Warner,[Famous People;Sports;Countries]
distressful,[Books]
becalmed,[Movies;Music;Famous People]
puncturing,[Music;Sports;Famous People]
learning's,[Sports;Music;Books]
screen's,[Books;Food & Drink;Animals]
weepies,[Famous People;Animals;Food & Drink]
modulates,[Movies]
nicks,[Food & Drink]
sentenced,[Historical Events;Technology]
administrating,[Famous People;Technology;Books]
sentences,[Movies;Countries;Countries]
aspirins,[Animals;Historical Events]
laugh,[Movies;Music;Food & Drink]
Berber,[Countries;Food & Drink;Music]
miss's,[Animals;Books]
undergone,[Music;Books]
Lehman's,[Famous People;Historical Events]
logotypes,[Books]
suburban's,[Animals;Books;Books]
orbit's,[Music;Technology;Movies]
separating,[Movies;Movies]
distressing,[Historical Events]
bird's,[Movies]
Maldive,[Technology;Famous People;Technology]
drama,[Sports]
shrub,[Animals;Technology;Books]
emancipators,[Countries;Technology]
regularly,[Historical Events;Movies]
wallop,[Food & Drink;Music;Famous People]
Merrick's,[Historical Events]
senility,[Music;Food & Drink]
roundelay's,[Sports;Books;Food & Drink]
marksman's,[Food & Drink;Sports;Books]
Torrens,[Animals]
frontier,[Food & Drink;Famous People]
dishtowels,[Movies;Historical Events]
ageless,[Technology;Food & Drink;Food & Drink]
handlebars,[Music;Animals]
Rick,[Technology]
Heshvan's,[Movies;Movies]
freaked,[Technology]
cheque's,[Movies;Books;Technology]
plume's,[Books;Animals]
mettlesome,[Books]
exhume,[Famous People]
miniaturist,[Food & Drink;Countries;Technology]
hexagonal,[Food & Drink;Food & Drink;Countries]
revivified,[Movies;Books]
protected,[Historical Events]
sushi's,[Movies]
saturated,[Historical Events;Countries]
Bonita,[Historical Events]
shakeup's,[Countries;Music;Food & Drink]
Debs's,[Technology;Historical Events;Sports]
Jewish's,[Technology;Sports]
poltergeists,[Music;Sports;Animals]
intellectualizing,[Sports]
top's,[Technology]
infringement's,[Food & Drink;Animals;Sports]
Klan's,[Technology;Sports;Famous People]
berries,[Countries;Food & Drink;Famous People]
moonlight's,[Famous People;Movies]
gratifications,[Famous People]
extremely,[Music;Animals]
finishers,[Famous People;Music;Historical Events]
surrender,[Sports]
plumage's,[Animals;Countries;Movies]
houseflies,[Animals;Famous People]
Dole's,[Countries;Animals]
Ginsberg,[Countries;Historical Events;Music]
delivered,[Famous People]
metacarpus,[Animals;Food & Drink;Music]
chaparral's,[Movies;Famous People;Movies]
prom,[Historical Events]
Ginsburg's,[Movies;Movies;Countries]
navigability,[Movies]
barter's,[Technology;Famous People]
accuses,[Food & Drink]
brainwash,[Technology]
refreshing,[Countries;Music]
affirmations,[Food & Drink]
neigh's,[Sports]
kicking,[Books;Countries;Food & Drink]
facet,[Animals;Music;Food & Drink]
maintenance,[Technology]
selfish,[Music;Sports]
Floridan,[Historical Events;Technology;Food & Drink]
boulevard's,[Famous People]
Fergus,[Food & Drink;Countries;Food & Drink]
Debs's,[Music;Technology]
Hogwarts's,[Countries;Movies;Technology]
incessantly,[Technology;Animals;Food & Drink]
Guthrie's,[Famous People;Music]
coinciding,[Famous People;Animals]
divider's,[Books;Movies;Animals]
stance,[Sports]
broiler's,[Food & Drink;Food & Drink]
biplanes,[Famous People;Technology]
huff,[Books]
tabular,[Sports;Famous People]
syllabification,[Technology;Movies]
pitched,[Books]
french,[Movies;Countries]
speedily,[Countries;Books;Famous People]
freckle,[Historical Events;Books]
entitled,[Famous People;Technology]
plushier,[Music]
Sandburg,[Countries;Movies;Books]
tor,[Famous People]
legitimized,[Animals]
Philippe,[Food & Drink]
Zanuck's,[Historical Events;Animals;Movies]
moustaches,[Animals]
renew,[Technology;Sports;Movies]
Carnation's,[Famous People]
marquetry's,[Food & Drink;Animals]
rummest,[Technology;Famous People;Animals]
obverse's,[Food & Drink]
moods,[Technology;Animals;Movies]
invincibility,[Technology]
peroxide's,[Food & Drink]
striding,[Music]
spinner's,[Movies]
snowplows,[Animals;Sports;Technology]
waistband,[Animals]
Formicas,[Food & Drink;Movies]
bully,[Books;Technology]
dichotomy's,[Food & Drink;Animals]
embryologist,[Books;Music]
subsidization's,[Technology;Food & Drink]
largeness,[Technology]
accounting's,[Technology;Animals;Movies]
seventeen,[Famous People;Food & Drink]
petrol,[Food & Drink]
meld's,[Food & Drink]
Guallatiri,[Technology;Famous People;Countries]
flightier,[Historical Events]
finery,[Historical Events]
magnitudes,[Books]
patty's,[Sports;Historical Events]
torso's,[Movies]
jinnis,[Animals]
petrifies,[Famous People;Sports;Books]
tigress,[Movies]
quorum,[Food & Drink;Books]
stickpin's,[Sports]
buttes,[Historical Events]
LED's,[Countries;Food & Drink]
microns,[Countries;Food & Drink;Technology]
fails,[Food & Drink;Movies]
auditioned,[Music;Famous People;Books]
worse,[Books]
windjammer's,[Food & Drink;Famous People]
Mauriac's,[Music]
lifer,[Technology;Sports]
Cobain,[Historical Events]
pluses,[Famous People]
convicting,[Sports]
deceptiveness,[Sports;Music;Animals]
ages,[Technology]
Carol,[Historical Events]
roguish,[Countries]
soundproof,[Countries]
cosignatories,[Sports;Historical Events]
Juno,[Food & Drink]
insert's,[Music;Technology;Food & Drink]
Tessa,[Books]
knothole,[Technology;Books]
sarong's,[Food & Drink;Food & Drink]
promptness,[Food & Drink;Famous People;Countries]
tempering,[Countries]
greens,[Countries;Books]
courthouses,[Countries;Historical Events;Animals]
foghorns,[Countries;Historical Events]
klutz's,[Movies]
dungeons,[Animals;Technology;Music]
swarms,[Countries]
zips,[Countries;Technology;Animals]
browsing,[Famous People;Countries;Historical Events]
antacid,[Famous People;Countries;Animals]
Hooters,[Historical Events]
halon,[Famous People]
fungi,[Technology;Sports]
plectrums,[Books;Music;Famous People]
capsuled,[Countries]
stir's,[Movies;Animals]
dusted,[Books;Animals]
wapiti's,[Famous People]
effusion's,[Movies;Sports;Countries]
chorister,[Technology;Historical Events]
courtrooms,[Countries;Technology]
study,[Food & Drink]
inactivity's,[Countries]
cop's,[Sports]
precociousness,[Countries]
fool's,[Famous People;Historical Events;Sports]
reasoning,[Books;Books;Music]
imprudent,[Historical Events;Sports]
aimlessly,[Famous People;Food & Drink]
tintinnabulation,[Food & Drink;Food & Drink;Animals]
mouser's,[Famous People]
thronging,[Technology;Sports]
prettiness,[Famous People;Music;Food & Drink]
Samoan's,[Technology;Animals;Books]
abscissa's,[Music]
Mapplethorpe's,[Animals;Famous People]
mama's,[Music;Historical Events]
revaluing,[Countries;Animals;Countries]
Wilde's,[Technology]
fluttery,[Books]
cynicism's,[Animals]
outspokenly,[Movies]
constitutionality,[Animals]
Steele's,[Technology]
Biblical's,[Movies;Historical Events]
Shevardnadze,[Countries;Famous People;Movies]
contused,[Technology;Sports;Famous People]
interceptors,[Countries]
Bonn's,[Technology;Food & Drink]
hurling,[Food & Drink;Food & Drink]
hesitations,[Food & Drink]
subjugation's,[Music]
Tienanmen's,[Sports;Historical Events]
psst,[Movies;Sports;Sports]
myrtles,[Countries;Countries;Books]
soliloquize,[Food & Drink]
immuring,[Movies;Food & Drink;Music]
sushi,[Technology;Countries;Technology]
encodes,[Famous People]
landfills,[Movies;Sports]
ammeters,[Famous People;Music;Movies]
emptier,[Animals;Movies;Food & Drink]
reacts,[Technology;Historical Events]
Philippines,[Famous People;Countries]
stresses,[Historical Events;Sports;Animals]
Zoroastrian's,[Movies;Music;Countries]
impersonation's,[Music;Famous People]
bootie's,[Music;Historical Events]
kluged,[Technology]
countess,[Sports]
savageness's,[Music;Famous People;Books]
gamma's,[Historical Events]
outspokenness,[Books;Books;Historical Events]
Hanoi's,[Books;Music]
franchise,[Food & Drink]
currycomb,[Technology;Technology;Famous People]
hush,[Historical Events;Books]
mainstreamed,[Technology]
inculcation,[Historical Events;Animals]
swelling's,[Technology]
Luger,[Famous People]
merrymaking,[Historical Events;Sports]
rewiring,[Countries]
lox's,[Books]
head,[Animals;Food & Drink]
anticipation,[Music;Music;Food & Drink]
spec's,[Food & Drink;Food & Drink]
waked,[Technology;Music]
Lisbon's,[Animals;Sports;Music]
colliery's,[Animals]
cleaver,[Countries;Countries]
Bartholdi's,[Animals;Animals]
raising,[Books]
townsman's,[Movies]
spacewalk's,[Books]
collapse's,[Countries;Food & Drink;Books]
inveighing,[Books;Countries;Famous People]
skillet,[Famous People;Food & Drink;Food & Drink]
sinkholes,[Historical Events;Sports;Movies]
sunshine's,[Countries;Historical Events;Famous People]
Bertelsmann's,[Sports;Animals]
bedecked,[Movies;Historical Events]
decedent's,[Technology;Famous People;Animals]
fast's,[Countries]
spermicide's,[Countries;Books]
movie's,[Books;Famous People]
udders,[Movies;Technology;Countries]
wisely,[Animals;Food & Drink]
gag,[Sports;Sports]
inauguration's,[Countries;Movies;Books]
seeming,[Food & Drink]
artificer,[Sports;Countries]
exchequer,[Movies]
deadpan's,[Countries;Food & Drink;Technology]
hydra,[Books;Animals;Animals]
digressing,[Animals]
albums,[Technology]
inheres,[Food & Drink;Historical Events]
eagerer,[Food & Drink]
subterranean,[Countries]
oldie's,[Famous People;Books]
Caucasians,[Music;Historical Events;Sports]
sailboard's,[Animals;Books;Music]
demoting,[Famous People]
quarantine,[Technology;Sports;Books]
mouthfuls,[Historical Events;Historical Events;Sports]
bonanza,[Technology;Sports]
incongruous,[Countries]
fixity's,[Sports;Sports;Countries]
jumpsuit,[Technology;Food & Drink]
wackiness,[Historical Events;Historical Events]
pelleting,[Music;Movies;Books]
Rothschild,[Music]
Purcell's,[Music;Technology;Sports]
minim's,[Music;Food & Drink;Movies]
Freetown's,[Animals]
Pocono's,[Historical Events]
Antone's,[Food & Drink;Famous People]
catboat's,[Food & Drink;Music]
mileposts,[Movies;Countries]
deers,[Countries;Food & Drink]
rabbi's,[Sports;Books;Countries]
countenance,[Sports;Technology;Books]
bugaboos,[Historical Events]
entity's,[Animals;Animals;Countries]
underhanded,[Sports;Historical Events]
showgirl's,[Books]
bird's,[Music]
smouldered,[Animals;Animals;Books]
homeys,[Music;Movies]
trenches,[Countries;Animals]
prepays,[Countries]
cosmopolitan's,[Technology;Books;Movies]
closure,[Books;Animals]
caucus,[Countries;Music;Books]
penitence,[Sports]
trotting,[Countries]
envelopment's,[Sports;Sports]
funguses,[Animals;Technology]
chalet's,[Countries;Countries;Food & Drink]
psalmists,[Movies]
chatting,[Historical Events;Animals;Books]
bothersome,[Books;Books]
litigant,[Sports;Food & Drink]
vengeful,[Historical Events]
timer,[Movies;Countries;Technology]
notional,[Animals;Famous People]
Morpheus's,[Countries]
Hermes,[Famous People]
vulcanization,[Animals]
seaside's,[Historical Events;Books]
dinginess,[Food & Drink;Music]
Vitus's,[Countries;Movies]
Rubinstein's,[Books]
conditional's,[Sports]
forsakes,[Books;Movies]
Irishwomen,[Books;Food & Drink]
raffles,[Famous People;Food & Drink]
nondrinker,[Movies;Food & Drink]
appearances,[Famous People]
jailor,[Food & Drink;Books;Food & Drink]
psychedelics,[Music]
flecking,[Technology]
journey,[Countries;Movies;Technology]
insulting,[Technology;Animals]
Lusitania's,[Music]
infiltration,[Food & Drink]
falter's,[Countries;Movies]
coniferous,[Historical Events;Food & Drink;Food & Drink]
devotional's,[Animals;Movies;Technology]
condolence,[Music;Historical Events;Sports]
hogsheads,[Animals;Animals]
five's,[Countries]
shrub,[Famous People]
wife,[Food & Drink;Historical Events;Food & Drink]
kopeck,[Food & Drink;Sports;Food & Drink]
wholesaler's,[Sports]
monocotyledon's,[Countries;Movies;Famous People]
major's,[Technology;Animals]
hydrangeas,[Movies;Animals;Animals]
haberdashers,[Animals]
fishtailing,[Food & Drink;Movies;Famous People]
defecting,[Books]
cobalt,[Music;Technology]
wonkiest,[Books;Food & Drink;Countries]
limpest,[Famous People;Animals;Books]
epileptic's,[Historical Events;Animals]
tinker,[Sports]
recriminated,[Food & Drink]
snowsuit,[Animals;Books;Food & Drink]
Argonaut,[Countries]
potlucks,[Countries;Food & Drink;Sports]
vilification's,[Music]
Frye,[Historical Events;Animals]
tibias,[Food & Drink;Famous People]
conniver's,[Music;Countries]
pleasantest,[Sports;Technology;Food & Drink]
multipliers,[Famous People;Music]
crustacean's,[Famous People;Music;Famous People]
hangers,[Historical Events;Books;Music]
designated,[Food & Drink;Famous People]
broadloom,[Countries]
Catt,[Countries;Sports]
cookie,[Music;Music;Food & Drink]
kingdoms,[Animals;Food & Drink]
nomenclature's,[Historical Events;Music]
mulling,[Books;Animals;Music]
Bulgaria's,[Technology]
reclassifies,[Food & Drink;Technology]
vagrancy's,[Books]
lawsuit,[Food & Drink]
challengers,[Books]
inveighed,[Countries;Countries;Historical Events]
Grünewald's,[Historical Events;Movies;Music]
slither,[Animals;Food & Drink]
bleated,[Music;Music]
footpath,[Sports;Movies;Famous People]
journeyed,[Famous People;Famous People;Music]
prolonged,[Sports;Books;Sports]
physician,[Movies;Food & Drink]
supernatural,[Countries;Movies]
merrymaking,[Music]
gigahertz's,[Historical Events;Historical Events]
Armenia's,[Movies;Books;Animals]
Minsky,[Music]
sunflowers,[Books;Movies]
overpriced,[Music;Sports;Countries]
hours,[Technology]
cartoonist,[Technology;Music;Music]
Oregonian's,[Famous People]
nightclothes,[Music]
bozos,[Famous People]
syncopation's,[Sports;Famous People;Countries]
widowed,[Movies]
Maltese,[Animals]
distinction,[Movies;Famous People]
herdsmen,[Historical Events;Movies]
gatherer's,[Technology;Books;Food & Drink]
ceasefire,[Technology]
cracked,[Food & Drink;Music;Countries]
fissures,[Technology;Movies;Food & Drink]
landlines,[Music;Music;Famous People]
Golan,[Movies;Historical Events;Countries]
grape's,[Sports;Technology]
retell,[Movies]
expressiveness's,[Movies]
RVs,[Famous People]
whittles,[Animals;Movies]
victuals,[Movies;Technology;Historical Events]
Wang's,[Sports]
ferry's,[Music;Historical Events]
cadavers,[Food & Drink;Books]
enforcement,[Movies]
Reverend,[Books;Animals]
Bruno's,[Food & Drink;Sports;Technology]
pertness,[Movies]
distractions,[Countries]
configuration,[Music;Countries]
profitable,[Music;Historical Events;Technology]
beleaguered,[Music;Famous People]
Santayana's,[Technology;Movies]
system,[Food & Drink;Historical Events;Technology]
Locke,[Historical Events;Movies;Animals]
spinnaker,[Historical Events]
Baggies,[Animals;Movies;Sports]
mountaintop's,[Books;Countries]
defiant,[Movies;Countries;Technology]
melodiously,[Music]
Moiseyev's,[Technology;Books]
crossbar,[Animals;Food & Drink;Music]
Provo's,[Animals;Historical Events;Books]
Esmeralda's,[Animals;Books;Famous People]
Anouilh's,[Historical Events;Famous People]
EEC,[Movies;Famous People;Famous People]
Tunguska,[Music;Movies]
officiate,[Books;Countries]
stereoscope,[Historical Events;Countries;Countries]
authoritarian's,[Music;Movies]
grasshopper,[Famous People]
extraordinary,[Animals;Animals]
bout,[Movies;Famous People]
theorist's,[Music;Famous People]
inhumane,[Food & Drink;Countries;Technology]
halyard,[Technology]
archetype,[Food & Drink;Food & Drink]
japanning,[Music]
ecologists,[Countries;Famous People]
cusp's,[Food & Drink]
invalidity,[Food & Drink]
benumbed,[Countries;Technology]
escutcheon's,[Famous People;Technology]
Scotchman's,[Technology]
Montague's,[Technology;Historical Events]
Hieronymus's,[Books;Technology]
immunizing,[Countries;Food & Drink;Food & Drink]
Laplace,[Countries]
exhilaration's,[Food & Drink;Technology;Food & Drink]
Frisco's,[Historical Events;Historical Events]
Macao,[Books;Food & Drink;Countries]
garlic's,[Books]
discording,[Animals;Food & Drink;Famous People]
beeped,[Movies;Famous People;Books]
incidence,[Technology;Famous People;Historical Events]
ensnare,[Famous People;Animals;Technology]
Thessalonian's,[Food & Drink;Historical Events;Books]
unpack,[Countries]
disproving,[Famous People;Books;Music]
chanters,[Animals;Movies;Historical Events]
Thracian's,[Countries;Famous People;Technology]
Bettie,[Animals]
skier,[Countries;Historical Events]
encircling,[Sports;Books;Animals]
saints,[Books;Movies;Movies]
statehood's,[Historical Events;Movies]
blacks,[Historical Events;Sports;Books]
rationality's,[Books;Technology]
splotchy,[Music;Technology]
surcease's,[Historical Events;Books;Technology]
Moroni,[Famous People;Technology;Food & Drink]
triplicated,[Books;Countries]
remedying,[Technology]
Cunningham's,[Historical Events;Animals]
chewers,[Historical Events;Famous People]
freelanced,[Music;Animals;Historical Events]
oxidation,[Food & Drink;Books]
blintze,[Countries;Countries]
restatements,[Countries;Books]
thither,[Technology;Countries]
lions,[Books]
coppice's,[Technology;Technology]
tantalize,[Sports]
Gavin's,[Movies;Historical Events;Food & Drink]
prudish,[Movies;Countries]
garden's,[Technology]
cullenders,[Food & Drink]
misdoing,[Animals;Historical Events]
abandons,[Famous People;Movies;Famous People]
shlocky,[Historical Events;Historical Events;Movies]
pettifogger,[Sports;Books;Countries]
noncooperation,[Countries]
Rod,[Animals]
seraphs,[Music;Movies]
Darvon,[Food & Drink;Movies]
Swedenborg's,[Animals;Movies;Music]
herewith,[Sports]
Hudson's,[Music]
overrated,[Books]
treatment's,[Sports;Famous People]
chapt,[Music;Countries]
upholster,[Technology]
Gunther,[Famous People;Animals]
powdering,[Food & Drink]
spawns,[Historical Events;Music]
avoid,[Famous People;Food & Drink]
washbowl,[Animals;Famous People]
outsourcing's,[Music;Historical Events;Food & Drink]
Barquisimeto's,[Sports]
split's,[Movies]
haughtiness,[Technology;Music;Countries]
LSD's,[Countries;Countries]
gruesome,[Movies]
subdue,[Music]
Jacuzzi,[Sports;Famous People]
connives,[Technology;Countries;Historical Events]
peon,[Countries;Sports;Historical Events]
fodder's,[Countries;Food & Drink;Movies]
Rhea,[Books;Music]
Khomeini's,[Historical Events]
Freetown's,[Food & Drink;Music;Historical Events]
frump's,[Movies;Historical Events]
Isaiah,[Sports]
macaw's,[Animals;Movies;Animals]
disrepair,[Food & Drink]
Janis,[Famous People]
gird,[Countries;Countries]
redounding,[Books;Movies]
overthink,[Music;Sports]
gas's,[Sports;Books;Historical Events]
breakage,[Famous People]
Cantrell,[Animals;Historical Events;Movies]
arched,[Sports]
Frito,[Historical Events;Sports]
interdependence,[Historical Events]
poinsettia's,[Music;Technology;Movies]
Aryan's,[Historical Events]
snowfall's,[Technology;Historical Events;Countries]
extirpated,[Famous People;Food & Drink]
furbishing,[Food & Drink;Technology]
mumble's,[Famous People;Sports;Famous People]
Idahoes,[Famous People]
cochlea,[Sports;Books;Sports]
burdock's,[Movies;Music]
tokenism,[Food & Drink;Movies]
aspirants,[Animals;Books]
toe's,[Sports;Historical Events;Animals]
Quasimodo's,[Animals;Historical Events]
webmasters,[Books]
dabbling,[Music;Books]
Matt's,[Books;Sports]
surgery,[Books]
Durban,[Countries]
wipe,[Animals]
perilous,[Sports;Historical Events;Books]
Dali's,[Movies;Technology;Music]
plumber's,[Sports]
emaciate,[Sports;Famous People]
downers,[Books;Animals]
parodied,[Famous People;Historical Events;Famous People]
Valerian's,[Movies;Books;Sports]
concert's,[Technology]
expedite,[Books]
ladies,[Historical Events;Movies]
dollop,[Sports;Movies]
accentuated,[Food & Drink;Movies]
chug's,[Sports;Animals]
curves,[Sports;Music;Technology]
individualists,[Animals]
elephantine,[Food & Drink]
gay's,[Sports;Music]
milligram,[Books;Sports;Technology]
undergrad,[Technology]
Bavaria,[Books]
avenue's,[Music]
France,[Technology;Food & Drink;Animals]
formulation's,[Famous People;Technology]
Branden,[Sports;Animals;Famous People]
loadstars,[Food & Drink;Countries;Food & Drink]
shamble,[Animals;Books]
Slurpee's,[Famous People]
warming,[Animals]
hiccoughs,[Music]
nurserymen,[Music;Technology;Technology]
ostentatiously,[Animals]
overrates,[Music;Animals;Music]
Piaget,[Technology;Food & Drink]
fable's,[Technology;Animals]
insistence's,[Famous People]
multiplayer,[Books]
relegate,[Historical Events;Movies;Movies]
awfully,[Historical Events;Technology]
recriminating,[Books]
attic's,[Sports;Animals]
Sudoku,[Music;Countries;Animals]
curvature's,[Music;Technology;Books]
unloads,[Countries]
time's,[Music]
zincs,[Famous People;Famous People;Sports]
Hussite's,[Countries;Technology]
Rhonda,[Books;Food & Drink]
libation's,[Movies]
perennial,[Music]
pampered,[Food & Drink;Books]
derivation's,[Sports;Movies;Animals]
unfeigned,[Countries;Technology]
industrious,[Animals]
seasickness,[Sports]
giddier,[Music]
embark,[Countries]
middles,[Books]
enjoy,[Animals;Famous People;Food & Drink]
grands,[Animals]
Lebanese,[Technology]
Qiqihar's,[Books]
inferring,[Music]
rakishly,[Famous People;Movies;Music]
harms,[Books;Food & Drink;Famous People]
unfounded,[Movies;Famous People;Famous People]
print,[Countries;Technology;Technology]
Barker's,[Books;Technology;Historical Events]
trousseaux,[Famous People;Countries]
tropism,[Historical Events;Technology;Sports]
professionals,[Countries;Music;Animals]
plywood's,[Sports;Movies;Sports]
palm's,[Famous People;Animals;Technology]
arborvitae,[Technology;Music]
November's,[Food & Drink]
accretions,[Famous People]
drilled,[Animals;Movies;Countries]
schnapps,[Countries]
mudslides,[Movies]
capons,[Sports;Food & Drink;Famous People]
interpretations,[Famous People;Food & Drink;Movies]
telethon's,[Famous People;Famous People;Food & Drink]
Katharine,[Food & Drink;Music]
antacid's,[Countries;Historical Events;Music]
sprinkler,[Countries]
mishmash,[Animals;Movies]
Airedale's,[Famous People;Famous People]
sisterhoods,[Movies;Famous People]
clan,[Sports]
brunch,[Food & Drink;Technology]
muffles,[Animals;Sports]
Texas,[Sports;Technology;Technology]
sacrilege,[Historical Events;Sports]
airstrips,[Animals]
tangling,[Music]
resignation,[Countries;Historical Events]
uncompromising,[Animals;Books]
prizefighters,[Food & Drink]
precipitately,[Technology]
summitry's,[Countries;Famous People]
pedestal,[Animals;Sports]
silence's,[Historical Events;Countries;Technology]
supplier's,[Historical Events;Movies;Books]
walrus,[Animals]
quaffed,[Music;Countries]
mucus's,[Technology;Technology;Technology]
bartenders,[Animals;Music]
bygones,[Food & Drink;Animals]
Jerome,[Music;Countries]
contortionists,[Animals;Countries]
Purus's,[Famous People;Countries;Famous People]
ti's,[Books;Technology;Famous People]
Gino's,[Technology;Movies]
accuracy,[Food & Drink;Books]
craziness,[Countries;Music]
grimiest,[Books]
magnate,[Food & Drink;Countries]
objects,[Food & Drink;Famous People]
absence,[Movies;Technology;Movies]
Seneca,[Famous People]
indispensably,[Animals;Music;Sports]
withdrawal,[Sports;Books;Famous People]
compromise's,[Music;Movies;Technology]
tub's,[Sports;Movies]
bunch's,[Movies]
invariable's,[Food & Drink]
honeyed,[Animals;Animals]
pogrom,[Books;Historical Events]
industrious,[Sports]
prostration's,[Countries;Countries;Movies]
Juan's,[Movies;Books]
baseness's,[Sports;Countries;Food & Drink]
tansy,[Food & Drink;Famous People]
thoughtlessness,[Music]
Andaman,[Countries;Food & Drink;Movies]
mistrial's,[Historical Events;Famous People]
Senegalese,[Historical Events;Food & Drink;Sports]
unfailingly,[Books]
centigram's,[Music;Sports;Historical Events]
blunderbuss's,[Sports;Books]
Jones's,[Technology]
overstuffed,[Music]
busted,[Movies;Music]
davits,[Sports;Sports]
addend,[Food & Drink;Famous People;Movies]
piglet's,[Food & Drink;Books]
Rolex,[Food & Drink;Historical Events]
toolbox,[Animals;Animals]
bard,[Sports]
intrusting,[Food & Drink;Music;Food & Drink]
spaceship's,[Famous People;Historical Events;Technology]
rechecking,[Historical Events;Animals;Animals]
Hampton's,[Historical Events;Sports;Historical Events]
insert,[Animals;Historical Events]
Howard,[Books]
balcony's,[Music;Books;Books]
comedy,[Movies;Countries;Books]
cervical,[Historical Events;Animals]
Rodolfo's,[Sports;Movies]
rove,[Countries;Sports;Countries]
thunderbolts,[Historical Events;Animals;Sports]
gig's,[Music;Books]
Baldwin,[Movies]
defame,[Food & Drink;Technology]
hitchhikers,[Historical Events]
filthiness's,[Books;Movies;Sports]
tweaked,[Sports]
Rhodes's,[Historical Events]
scones,[Famous People;Music;Animals]
hieroglyphic's,[Sports;Animals]
Stephenson's,[Movies;Historical Events;Historical Events]
ignoring,[Music;Historical Events]
much,[Famous People;Movies]
anticyclones,[Books]
Irish's,[Historical Events;Music;Famous People]
beautification's,[Food & Drink;Movies;Books]
rinse,[Historical Events;Music]
reconnaissance,[Famous People]
offal,[Sports;Books;Books]
swordfish,[Technology;Sports]
alive,[Books;Historical Events]
logins,[Movies;Food & Drink;Technology]
grads,[Food & Drink]
wearing,[Animals;Animals]
cinchonas,[Movies;Food & Drink;Books]
poetically,[Music]
investigators,[Books;Movies]
skeleton's,[Music;Historical Events]
pivoted,[Food & Drink;Famous People;Food & Drink]
dragonflies,[Countries;Animals]
naiveté's,[Music;Famous People;Music]
Hefner's,[Food & Drink]
glimmers,[Sports]
lengthiest,[Countries]
Bangkok's,[Historical Events]
discreditable,[Animals;Sports;Books]
horseshoe,[Food & Drink;Famous People]
replicators,[Technology;Technology;Technology]
micra,[Movies]
stinging,[Sports;Food & Drink]
starchier,[Books;Food & Drink]
pretenses,[Famous People]
husky,[Movies;Food & Drink;Countries]
pulchritude's,[Countries;Food & Drink;Animals]
bootstrap's,[Sports;Books]
disloyally,[Sports;Historical Events;Historical Events]
Jamaica's,[Movies]
restores,[Movies]
logout's,[Technology;Food & Drink]
rectories,[Books;Historical Events]
fest,[Historical Events;Countries;Food & Drink]
animosity's,[Famous People;Countries;Famous People]
statehouse's,[Books]
gamy,[Animals;Famous People;Famous People]
porno's,[Technology;Food & Drink]
sereneness,[Countries]
lassoed,[Technology]
hitter,[Technology]
partial,[Sports;Countries;Music]
nabbing,[Technology;Animals;Books]
cumulus's,[Technology]
richly,[Sports;Food & Drink]
humidor,[Animals]
dominated,[Movies]
obsession's,[Historical Events]
gunnysack's,[Music;Sports;Technology]
obituary's,[Movies]
port,[Historical Events;Movies]
headphone's,[Movies]
exodus's,[Historical Events]
obstinacy,[Food & Drink;Books]
saluted,[Animals;Movies]
patricide's,[Famous People;Music;Famous People]
tarnishing,[Historical Events;Historical Events;Animals]
ethics's,[Books;Countries]
infer,[Historical Events;Music;Movies]
porcupine's,[Movies;Animals;Movies]
Bultmann,[Books;Sports]
dentine,[Famous People;Historical Events;Historical Events]
partridges,[Animals;Music]
Adenauer,[Animals]
warehoused,[Movies;Countries;Music]
cults,[Food & Drink;Movies]
metals,[Music]
unilateral,[Music;Animals]
oh,[Food & Drink;Technology;Famous People]
chopper's,[Famous People;Movies]
beaning,[Countries;Books]
misinterpretation,[Food & Drink;Movies]
Eyck's,[Animals;Books;Books]
merrily,[Sports;Sports]
concord's,[Music;Animals;Music]
shrewdness's,[Famous People;Food & Drink]
polka,[Music]
addend,[Books;Food & Drink]
sorcerer,[Countries;Sports]
midstream's,[Technology;Sports]
tailing,[Sports;Movies;Technology]
flotillas,[Books;Famous People;Food & Drink]
environmental,[Books]
old,[Animals;Books]
hypothetically,[Animals;Historical Events;Technology]
conciser,[Animals;Movies;Historical Events]
recitations,[Technology]
retaliations,[Music;Countries]
unimpressive,[Animals;Animals]
roadster,[Countries]
Snickers,[Technology]
topographical,[Music]
cantor's,[Movies;Technology;Music]
pshaws,[Technology]
Scopes,[Famous People;Historical Events;Food & Drink]
flan,[Books]
imprisonment,[Movies;Historical Events;Books]
almanac's,[Historical Events]
reproaches,[Movies]
only,[Movies]
wholesale's,[Food & Drink]
misuses,[Books;Music]
LG's,[Sports;Music;Food & Drink]
editorially,[Books]
endorsing,[Famous People;Sports]
umbels,[Historical Events;Movies;Animals]
cardiology's,[Music]
Wozzeck,[Animals;Countries]
pitchman,[Music]
Chang's,[Countries;Movies]
swish's,[Animals;Sports;Movies]
hobbyhorse's,[Technology;Sports;Technology]
ratios,[Movies;Music]
Vader,[Sports;Famous People;Technology]
occasion's,[Countries]
idiomatic,[Movies;Historical Events;Food & Drink]
objective's,[Movies]
pasture,[Famous People;Music;Historical Events]
softest,[Famous People]
Shana's,[Food & Drink;Food & Drink]
redoes,[Music]
kapok,[Books;Movies]
splashed,[Movies]
bibles,[Technology;Music]
fierceness's,[Books;Animals;Sports]
rue,[Books]
frog,[Historical Events;Music;Technology]
binder's,[Sports;Music;Food & Drink]
Magdalene,[Countries;Movies;Technology]
dishonest,[Food & Drink;Famous People]
invite's,[Food & Drink;Books]
groove's,[Books;Historical Events;Books]
WWW's,[Books]
sheik,[Music;Countries;Countries]
armhole's,[Historical Events]
pelts,[Food & Drink;Animals]
pocketbooks,[Sports;Famous People]
proceeds,[Books]
handcrafts,[Famous People]
gipsies,[Historical Events]
implacability,[Historical Events]
batsman,[Historical Events;Famous People]
falter's,[Animals;Famous People;Famous People]
EEG,[Animals;Movies]
gas,[Movies;Movies]
represents,[Music;Famous People]
tinctured,[Sports;Animals;Movies]
guardroom,[Famous People]
blowup,[Historical Events]
pinprick,[Animals]
fire's,[Music;Music]
aggrandizement,[Movies;Historical Events]
squalor's,[Famous People]
whizz,[Famous People]
amplitude's,[Books]
Lombard's,[Technology;Food & Drink;Technology]
Azania's,[Sports;Countries]
halter's,[Animals]
tong's,[Countries;Food & Drink]
formidable,[Sports]
Perkins's,[Countries;Food & Drink;Countries]
Helene,[Technology;Technology]
soften,[Famous People;Animals]
zippered,[Sports;Food & Drink]
Arneb,[Music;Sports]
Croatia's,[Countries;Sports;Sports]
hymen's,[Countries;Music;Technology]
Valentin's,[Sports;Music;Music]
retail's,[Famous People;Music]
dehumanization,[Famous People;Music]
junctures,[Technology;Historical Events;Countries]
influx's,[Technology]
haphazard,[Music;Famous People]
hunker,[Countries;Books]
enfolded,[Food & Drink;Music]
Holloway,[Countries;Food & Drink;Sports]
inroad,[Food & Drink;Books;Music]
Skippy,[Music;Technology;Famous People]
Benelux,[Countries;Food & Drink;Technology]
maharishis,[Sports;Movies]
breadwinner,[Music]
nastiest,[Movies]
skedaddle's,[Famous People;Famous People]
missilery's,[Movies]
vanadium,[Countries;Books]
Malcolm's,[Food & Drink]
relieved,[Animals;Countries]
pagan,[Food & Drink;Movies;Food & Drink]
macadam,[Books]
exteriors,[Music;Historical Events]
biographer's,[Historical Events]
Day,[Movies]
brusquest,[Countries;Technology]
posit,[Movies;Famous People]
McDaniel's,[Music]
underside's,[Music;Famous People]
loanword,[Music;Books]
unbeknown,[Famous People;Music]
Whitehead,[Music;Animals;Animals]
flyspecking,[Music;Countries]
braids,[Music;Countries;Technology]
homeboy,[Music]
cations,[Movies;Food & Drink;Animals]
Ottawa's,[Music]
apiary's,[Sports;Movies]
witticism,[Technology]
observing,[Animals;Famous People;Famous People]
neighboring,[Sports]
income,[Music;Sports]
hospice,[Sports;Countries]
foreskins,[Movies;Famous People]
fiver,[Food & Drink;Books;Historical Events]
corking,[Sports;Technology;Food & Drink]
perusals,[Music;Animals]
transliterate,[Technology]
vs,[Sports;Countries]
interpolations,[Sports]
calved,[Countries;Technology]
smokestack,[Books;Movies;Movies]
balsams,[Animals]
empathized,[Sports;Music;Historical Events]
Croatian,[Historical Events;Famous People;Historical Events]
impounds,[Animals]
sec's,[Books;Music]
cutthroat's,[Movies;Countries;Music]
halo's,[Books;Food & Drink;Movies]
depleted,[Historical Events;Technology]
payees,[Music;Sports]
umpire,[Technology]
territory,[Technology]
Claude,[Historical Events;Countries]
congenial,[Music;Sports;Famous People]
grandness,[Technology;Historical Events]
glimmer's,[Sports;Countries;Books]
assailed,[Famous People;Sports]
spearhead's,[Food & Drink;Sports]
recreate,[Food & Drink;Animals]
Penelope,[Technology]
provisos,[Animals]
mopped,[Animals]
sparked,[Historical Events]
nosing,[Books;Movies;Famous People]
blur,[Music;Books;Books]
uncommitted,[Food & Drink]
Somme's,[Technology]
thereabouts,[Famous People;Music]
Helena,[Food & Drink;Movies]
laterals,[Animals;Movies;Historical Events]
dominion's,[Food & Drink;Books;Food & Drink]
solvent,[Historical Events;Music;Technology]
wallpapers,[Famous People]
Aurelius,[Music]
exclusivity,[Food & Drink]
aerobatics,[Technology;Countries;Music]
sideline,[Historical Events;Movies]
federalism's,[Animals;Sports;Movies]
treadmill,[Sports]
groveled,[Historical Events;Books;Food & Drink]
pronouns,[Historical Events;Animals]
ticked,[Famous People;Sports]
flypaper,[Books]
bagginess,[Movies;Music;Music]
jodhpurs,[Food & Drink;Sports;Technology]
imbeciles,[Famous People;Historical Events]
misleads,[Books;Countries]
telephony's,[Books;Books;Animals]
abominates,[Historical Events;Countries]
Proterozoic's,[Movies;Food & Drink]
blunderbuss's,[Movies;Sports;Historical Events]
helplessness's,[Food & Drink;Movies;Famous People]
rust's,[Historical Events;Famous People;Countries]
freighting,[Technology]
grizzlies,[Historical Events]
trimly,[Technology;Technology]
panties,[Animals;Movies;Food & Drink]
footing,[Historical Events]
detaining,[Sports;Historical Events;Books]
inconsiderately,[Historical Events;Books]
operator's,[Music;Movies]
guiltiness's,[Movies;Countries]
buffet,[Music;Music]
eyeglass's,[Food & Drink;Technology]
spoonerism's,[Historical Events]
inaction's,[Movies;Books]
debuting,[Movies]
exponent,[Animals]
monomaniac,[Music]
cantaloup's,[Food & Drink;Books;Famous People]
hamburger,[Historical Events]
teased,[Movies]
citing,[Food & Drink;Sports;Food & Drink]
iambic,[Music;Music]
charlatans,[Countries;Movies]
impractical,[Technology;Music]
reptile's,[Food & Drink;Sports;Famous People]
mannequins,[Movies;Famous People;Animals]
Frisbee,[Technology;Animals]
inhibiting,[Animals;Books]
mobster's,[Music]
rapturous,[Technology]
jaywalked,[Sports]
lacy,[Famous People]
retyping,[Sports;Music]
repays,[Animals]
waistbands,[Countries;Movies]
distinguishable,[Food & Drink]
archway's,[Technology;Countries;Technology]
margarita,[Food & Drink;Animals]
heterodoxy's,[Animals;Animals]
mimeograph's,[Animals;Food & Drink]
Cummings's,[Books;Food & Drink]
Grey's,[Animals;Animals;Countries]
bouillabaisses,[Countries;Books]
PA's,[Countries]
sensuously,[Historical Events]
barf,[Countries;Sports;Famous People]
foolishly,[Animals]
tap's,[Music;Technology;Historical Events]
retardation's,[Famous People;Famous People]
cowhand,[Books;Historical Events]
conceptualization,[Books;Historical Events;Music]
tendrils,[Famous People;Music]
moleskin's,[Sports;Technology;Books]
Fukuyama,[Technology]
transposing,[Technology]
basked,[Books;Countries;Music]
dibbles,[Music;Sports;Animals]
brashness,[Technology;Technology;Historical Events]
insulator,[Sports]
Bernbach's,[Food & Drink;Movies]
vilest,[Sports;Technology]
km,[Technology;Countries]
penalties,[Books;Music]
rocketed,[Famous People]
swordfish's,[Countries;Historical Events]
blocs,[Sports;Movies]
sundries,[Movies;Music;Countries]
briefcases,[Music;Technology]
couplet's,[Books;Books]
pasta's,[Music]
biweeklies,[Food & Drink]
bucksaw's,[Technology;Countries]
USO,[Books]
fiscal,[Sports]
Ochoa,[Sports;Books;Famous People]
whodunits,[Music;Food & Drink;Sports]
Mitford,[Historical Events]
medleys,[Food & Drink;Technology;Food & Drink]
pantheons,[Music;Animals]
bough's,[Animals]
preservative's,[Food & Drink;Technology;Historical Events]
brandished,[Food & Drink]
check's,[Famous People;Food & Drink;Sports]
birthers,[Books;Famous People]
autistic,[Movies]
shadow,[Famous People;Animals;Animals]
wisterias,[Animals;Famous People;Movies]
employments,[Music;Books;Famous People]
indecency,[Books]
amity's,[Movies]
mongolism,[Historical Events]
Bessemer's,[Technology]
viola's,[Music;Music;Movies]
previewed,[Movies;Books]
pigsties,[Countries;Books;Animals]
hotlinks,[Books;Books;Music]
exactness's,[Historical Events;Historical Events;Historical Events]
chaser,[Food & Drink]
cow,[Food & Drink]
rowdiness's,[Books;Movies;Books]
constrains,[Famous People]
Cuba's,[Famous People;Famous People]
dispense,[Books;Technology;Countries]
arrival's,[Movies]
glacier's,[Books;Countries;Movies]
caisson's,[Countries;Countries;Music]
jodhpurs,[Sports]
separable,[Historical Events]
housing,[Technology;Famous People;Music]
breweries,[Music]
peaceable,[Technology;Food & Drink;Sports]
faded,[Countries]
impairment's,[Historical Events]
magazine's,[Countries;Sports;Sports]
impracticality's,[Books;Music]
Tocantins's,[Sports;Historical Events]
ethical,[Sports;Historical Events]
actuality,[Music;Food & Drink]
Synge's,[Books]
Copacabana's,[Movies;Famous People]
deflects,[Books;Animals;Sports]
pygmy,[Movies;Technology]
lobe's,[Sports;Sports]
perimeter's,[Countries]
valence,[Sports;Famous People;Music]
brawler's,[Famous People]
kindergartens,[Books;Animals;Technology]
abrade,[Animals]
cheesecloth,[Technology;Movies;Famous People]
gristly,[Sports;Movies]
Britain's,[Books;Famous People]
dissimilarities,[Movies;Books;Countries]
bedroll's,[Historical Events;Sports;Countries]
unoffensive,[Food & Drink;Music;Music]
Pahlavi's,[Historical Events;Movies;Movies]
preregistration,[Technology;Sports]
whizzing,[Music;Technology]
poise,[Sports]
chuck's,[Food & Drink]
proceeds,[Food & Drink;Historical Events;Historical Events]
inestimable,[Historical Events;Music]
Stengel,[Books]
emasculated,[Famous People;Animals]
tendinitis's,[Countries]
jiggle,[Music;Books]
whirls,[Famous People;Technology]
witches,[Animals]
disembarked,[Countries;Animals;Countries]
managers,[Technology;Books]
gendarme,[Food & Drink]
synchronously,[Animals;Countries]
symmetry's,[Movies;Historical Events]
Koppel,[Books;Sports]
traitors,[Famous People]
encode,[Books]
provider,[Food & Drink;Movies;Music]
bot,[Movies]
precipitant's,[Music;Animals;Historical Events]
deteriorated,[Famous People;Books]
creepier,[Food & Drink;Technology;Food & Drink]
elusiveness's,[Historical Events]
grubs,[Animals;Food & Drink;Food & Drink]
Murray,[Historical Events]
scuffle,[Music;Books;Movies]
denies,[Music;Movies;Countries]
newer,[Food & Drink]
screenplay,[Music;Historical Events]
wrens,[Animals;Movies]
fiddling,[Technology;Famous People;Food & Drink]
triplicated,[Movies;Sports;Books]
removal's,[Animals;Famous People]
ball,[Technology]
Lohengrin,[Technology;Countries]
thermodynamic,[Animals]
orator's,[Famous People]
mercenaries,[Movies;Famous People]
compliments,[Technology;Books]
subroutine,[Sports;Technology;Countries]
stove,[Music]
predatory,[Sports]
idiom's,[Sports;Technology]
Bernice,[Famous People]
purring,[Books;Books]
mysteriousness's,[Sports;Books;Sports]
petals,[Historical Events;Famous People;Sports]
ricotta's,[Countries;Sports;Animals]
enzyme's,[Technology]
noisome,[Music;Movies;Sports]
Francine's,[Historical Events]
slumdogs,[Countries;Technology]
panoramas,[Technology;Food & Drink]
July's,[Historical Events]
snatched,[Sports]
cinematographer's,[Historical Events;Technology;Technology]
Muriel,[Music;Technology]
chastisements,[Food & Drink;Sports]
Crockett's,[Historical Events;Movies;Historical Events]
sigh's,[Countries]
tooted,[Movies]
cumming,[Historical Events;Movies;Countries]
physic,[Technology;Countries]
tress's,[Animals;Famous People;Music]
weekday's,[Movies;Music]
hysterectomies,[Technology]
yoghurt,[Historical Events;Books]
telecommuted,[Countries;Music;Books]
smidge's,[Sports;Books;Countries]
pushiness,[Technology]
oceanographer's,[Sports;Historical Events]
Yellowstone's,[Music;Music]
deprivation,[Animals;Countries;Movies]
alarmists,[Famous People;Animals;Books]
Alyssa's,[Movies]
consultation's,[Technology;Books]
sec's,[Animals;Historical Events;Historical Events]
perplexes,[Animals;Music]
taffeta's,[Famous People]
Visigoth's,[Music]
XEmacs's,[Countries;Sports]
Langley,[Technology]
Gaza's,[Music]
nonbelievers,[Famous People]
marmots,[Sports]
remotes,[Movies;Movies;Historical Events]
astounded,[Movies;Animals]
mist,[Books;Famous People;Books]
trampling,[Books]
conjectural,[Food & Drink;Famous People;Famous People]
luckiness,[Sports;Historical Events]
acclimatize,[Technology;Technology]
reminisce,[Historical Events]
Sakhalin's,[Movies;Music;Music]
site's,[Music;Historical Events;Books]
hayseed,[Historical Events]
whip,[Animals]
fleet's,[Animals;Movies;Sports]
arraying,[Music;Movies;Countries]
Altai's,[Historical Events;Sports;Technology]
unscrew,[Sports]
explicates,[Countries;Music]
remarkably,[Food & Drink;Countries;Food & Drink]
fussiness's,[Movies;Historical Events;Food & Drink]
McPherson,[Food & Drink]
notions,[Food & Drink;Food & Drink;Famous People]
manipulators,[Historical Events;Music;Music]
typewriter's,[Animals]
imposter,[Historical Events]
inflection's,[Sports;Animals]
reassuringly,[Technology;Sports]
column's,[Books]
laying,[Animals;Music]
rootless,[Music;Movies]
binocular,[Sports;Historical Events;Animals]
emergent,[Technology]
baseboard,[Music;Books]
disqualifying,[Music;Movies;Movies]
Nair's,[Animals]
plinths,[Famous People;Historical Events]
bicepses,[Food & Drink;Animals;Music]
dieter,[Sports]
Marlene,[Music]
registers,[Animals;Food & Drink]
nihilist's,[Movies]
Maitreya,[Movies;Music]
atrocious,[Sports]
Blvd,[Technology]
xxviii,[Technology]
pensioning,[Animals]
yearlings,[Music;Countries]
society's,[Famous People;Historical Events]
ascension's,[Historical Events;Movies;Countries]
associations,[Animals]
sheepfolds,[Historical Events]
Jetway,[Food & Drink]
keystone,[Books;Movies]
Courbet's,[Sports;Famous People]
coke,[Food & Drink;Sports;Movies]
seemlier,[Movies;Books;Countries]
unruliness's,[Movies;Animals;Famous People]
disciplinary,[Historical Events]
Aurora,[Countries;Animals]
composing,[Music]
befuddling,[Music;Countries]
hoverboard,[Movies]
grovelled,[Famous People]
wombs,[Animals]
otherworldly,[Countries]
cognizance,[Food & Drink;Historical Events;Music]
biopsied,[Music;Historical Events;Historical Events]
Montenegrin,[Historical Events;Countries]
themselves,[Famous People]
toupee,[Food & Drink;Historical Events;Food & Drink]
romantic,[Sports;Animals]
slowed,[Technology;Famous People;Technology]
prescribed,[Historical Events;Countries]
tinkers,[Technology;Technology;Famous People]
amelioration's,[Animals;Technology]
impregnation's,[Historical Events;Technology]
omelette,[Music;Food & Drink]
misanthropist,[Food & Drink;Historical Events]
Qur'an's,[Movies;Technology;Books]
burp,[Books]
overproduction,[Music;Sports]
Puckett's,[Movies;Food & Drink]
Benelux,[Books;Food & Drink]
stipulations,[Historical Events;Books;Food & Drink]
intimacy's,[Food & Drink]
Gaziantep's,[Technology;Music;Animals]
gutless,[Sports;Famous People;Technology]
clapper,[Animals]
pockmark,[Movies;Books]
suggest,[Technology;Historical Events]
diminution,[Animals;Sports;Animals]
traduces,[Movies;Movies]
averaging,[Countries]
celesta's,[Sports;Food & Drink;Animals]
guttersnipe's,[Technology;Famous People;Technology]
cosmopolitans,[Movies;Famous People]
tirade's,[Music;Food & Drink;Movies]
leis,[Animals;Sports]
slopes,[Animals;Historical Events;Sports]
Zaporozhye,[Countries;Animals]
catalpa's,[Music;Technology;Famous People]
protester,[Food & Drink;Countries;Famous People]
silicone's,[Books;Food & Drink]
demesne,[Food & Drink;Famous People]
synchronously,[Books;Movies;Countries]
sager,[Books;Famous People]
comer,[Countries;Technology;Movies]
perverseness,[Food & Drink]
ransack,[Animals;Famous People;Countries]
Lourdes,[Historical Events;Sports;Historical Events]
Ashcroft,[Sports]
binary,[Countries;Music]
Billy's,[Food & Drink;Music;Animals]
nontechnical,[Historical Events]
dormant,[Famous People;Music;Famous People]
save,[Music]
filching,[Countries;Sports;Sports]
arousal,[Movies;Music;Movies]
unremarkable,[Music]
pedlar's,[Music;Countries]
lovable,[Music;Music]
rhubarbs,[Sports;Food & Drink;Famous People]
unearths,[Sports;Music]
Mullikan's,[Books]
extract,[Music;Technology]
scags,[Technology;Music;Movies]
quart,[Historical Events;Animals;Movies]
Maccabeus's,[Famous People;Countries]
charlatans,[Movies;Technology]
Christie,[Historical Events;Historical Events;Food & Drink]
contemplating,[Food & Drink]
blade,[Countries;Technology]
chiller's,[Technology;Historical Events]
Jodie's,[Music;Animals]
gracefulness,[Famous People;Famous People;Historical Events]
reducing,[Movies]
Yeltsin,[Famous People;Sports]
meets,[Sports;Sports;Music]
grubby,[Animals;Historical Events;Famous People]
Ctesiphon,[Movies;Movies;Animals]
classicists,[Historical Events;Historical Events;Sports]
trinket,[Movies;Animals;Animals]
overran,[Movies;Food & Drink;Technology]
duos,[Countries;Famous People]
wooers,[Countries]
chaparrals,[Sports]
windbreakers,[Countries;Famous People]
decolonization's,[Books;Books;Famous People]
Maddox's,[Movies;Music;Food & Drink]
foments,[Food & Drink;Countries]
affections,[Historical Events;Famous People]
fervently,[Countries]
multitude,[Sports;Music]
Utopia,[Technology;Countries;Books]
softy,[Sports;Movies]
carriers,[Books;Famous People;Food & Drink]
Autumn's,[Food & Drink;Music]
smoldered,[Food & Drink;Food & Drink;Countries]
latex,[Books;Music;Music]
scorecard's,[Famous People;Historical Events]
unfurnished,[Food & Drink;Music;Books]
bestriding,[Animals;Technology]
biases,[Food & Drink;Music]
shlemiel's,[Food & Drink;Music;Famous People]
mailbombed,[Animals]
harebrained,[Historical Events;Famous People]
trying,[Famous People]
lunar,[Countries;Countries;Books]
functionality,[Countries;Famous People;Technology]
lyrically,[Countries]
Arduino's,[Historical Events;Music]
nationals,[Movies;Famous People]
gruesomely,[Music;Historical Events;Movies]
Dewar,[Countries]
Lobachevsky,[Books]
slimiest,[Animals;Famous People]
congruity's,[Food & Drink;Technology]
braying,[Countries;Technology]
performance,[Movies;Books]
Arizonian,[Technology;Books;Technology]
purloins,[Animals;Animals]
Hokusai's,[Countries;Countries;Technology]
debauch's,[Books]
anodynes,[Historical Events;Historical Events]
hunchbacked,[Historical Events]
seals,[Movies;Technology]
cleric's,[Music;Books;Food & Drink]
Sudetenland's,[Books;Animals;Animals]
Veblen's,[Countries]
harsher,[Sports]
very,[Food & Drink;Countries;Music]
shabbiest,[Animals;Books;Music]
truckling,[Sports]
passenger's,[Historical Events;Music;Sports]
semicolons,[Music;Famous People]
decommission,[Historical Events]
negligence,[Food & Drink;Historical Events;Food & Drink]
bombshell's,[Countries]
Funafuti's,[Technology]
taller,[Movies]
undercurrent's,[Sports;Famous People]
Chennai's,[Countries]
roundelay's,[Technology;Movies;Sports]
intaglio,[Animals;Countries;Countries]
sail's,[Animals;Books;Music]
ukulele,[Technology;Historical Events;Music]
Schindler's,[Movies]
mister,[Famous People;Sports]
picker's,[Sports;Countries;Sports]
limit's,[Music]
dimple's,[Famous People]
jabbering,[Sports]
googled,[Famous People;Movies]
devotes,[Food & Drink;Famous People]
deepness's,[Technology;Music]
unclearest,[Sports;Movies]
malls,[Books;Food & Drink;Music]
Yellowstone,[Historical Events;Animals;Sports]
pillowcase's,[Technology;Technology]
extras,[Technology]
interrogative,[Music;Animals]
lotion's,[Movies;Historical Events]
positrons,[Music]
droppings's,[Movies;Famous People;Historical Events]
hounding,[Books;Sports]
outperform,[Movies]
hominy's,[Countries;Technology;Movies]
mythic,[Food & Drink]
Cara's,[Food & Drink;Famous People]
puddling,[Countries;Famous People;Famous People]
gambol,[Movies;Famous People]
bleated,[Movies;Movies;Music]
petrol's,[Music;Historical Events]
shopped,[Movies]
readmitting,[Historical Events;Historical Events;Historical Events]
OfficeMax,[Countries]
stalagmites,[Technology;Animals;Famous People]
puritanism,[Countries]
antagonisms,[Movies;Technology]
wheezy,[Books;Animals;Countries]
footloose,[Food & Drink]
Ginny,[Sports;Famous People;Sports]
Oldsmobile's,[Animals;Historical Events;Sports]
servant's,[Historical Events;Animals]
steeples,[Technology;Animals]
moulders,[Food & Drink]
redevelopment,[Famous People;Countries;Books]
caulks,[Books;Historical Events;Animals]
housebroke,[Technology;Movies]
Jeanie,[Sports;Music;Books]
we'd,[Famous People]
diameter,[Movies;Historical Events]
descants,[Sports;Music]
chinstrap,[Sports;Books]
other's,[Movies;Countries]
palominos,[Technology;Food & Drink;Technology]
widower's,[Countries;Books]
miscalculating,[Movies]
Youngstown's,[Music]
importunity,[Music;Technology;Sports]
Moreno's,[Movies;Famous People]
Asiatics,[Historical Events;Music;Movies]
capes,[Countries;Historical Events;Countries]
cowering,[Movies]
sternly,[Music;Animals;Historical Events]
pageant,[Animals;Movies]
congruity's,[Food & Drink;Historical Events]
abortionists,[Food & Drink;Technology]
reapply,[Music;Countries;Movies]
predicted,[Famous People;Food & Drink;Famous People]
uncannier,[Famous People;Music;Historical Events]
spawns,[Historical Events;Music]
moat,[Famous People;Technology]
Senghor's,[Movies;Famous People]
severance's,[Historical Events;Food & Drink]
hairdos,[Food & Drink]
princess's,[Countries]
ID's,[Books;Music;Historical Events]
barricaded,[Historical Events]
equated,[Books;Technology]
absurd,[Famous People]
uncritical,[Animals]
daffodil,[Movies;Food & Drink]
prescience,[Food & Drink]
disfavored,[Famous People;Movies;Famous People]
revealed,[Animals;Technology]
slat,[Technology;Animals;Books]
Elbrus,[Sports;Famous People]
fireplug,[Countries;Animals;Movies]
weepies,[Historical Events;Famous People]
pone,[Animals;Music]
renegading,[Famous People]
malfeasance's,[Countries;Countries]
hitching,[Historical Events]
absurdity's,[Food & Drink;Famous People]
crucifix,[Historical Events;Countries;Animals]
luxury,[Movies]
cry's,[Technology;Animals;Technology]
forgetfulness,[Movies]
backstage's,[Famous People;Sports;Sports]
keystrokes,[Music]
tombstones,[Books;Historical Events]
scarf,[Technology]
ANSIs,[Animals;Countries]
mush's,[Sports;Technology;Books]
adjuration,[Animals;Music]
FL,[Countries;Movies;Music]
good's,[Famous People;Technology]
southerner's,[Countries;Historical Events]
qualifiers,[Famous People]
Goodwin,[Sports;Technology]
glares,[Technology]
Kansan's,[Music;Famous People]
regulator's,[Technology]
determinate,[Food & Drink;Music;Countries]
pampering,[Movies;Food & Drink;Animals]
existence's,[Countries;Historical Events]
fare,[Technology;Music]
pilot,[Sports;Animals;Music]
Veblen's,[Movies;Movies;Books]
Praxiteles's,[Animals;Countries;Sports]
prestige's,[Movies;Animals;Famous People]
distil,[Animals]
meltdowns,[Countries]
mongolism,[Books]
Asoka's,[Technology;Sports;Movies]
idealism's,[Technology]
winsomer,[Music;Famous People;Food & Drink]
Caitlin's,[Movies]
civilization's,[Historical Events;Historical Events;Books]
Deity,[Movies]
Zhengzhou,[Movies]
tantamount,[Music;Animals;Famous People]
dieseling,[Books;Movies;Sports]
dullest,[Sports]
hasted,[Sports;Historical Events;Famous People]
Falasha,[Food & Drink;Countries;Historical Events]
realizing,[Books;Sports;Books]
negligee's,[Historical Events]
palavering,[Famous People;Countries;Technology]
importunate,[Sports;Animals;Animals]
discontinuity's,[Historical Events;Historical Events]
friending,[Sports]
briefed,[Music;Animals;Technology]
rebelliousness's,[Music]
drastic,[Historical Events;Countries]
skating,[Music;Movies;Food & Drink]
gonorrhea,[Animals;Music]
habitat's,[Music]
broiler's,[Animals]
incentive's,[Food & Drink;Animals]
Oxonian,[Movies]
vigilante,[Animals;Books]
gymnasts,[Historical Events;Countries]
belabouring,[Countries]
gobbler's,[Animals]
Moroccans,[Music;Historical Events;Famous People]
Pres,[Technology;Books]
rationalization's,[Countries]
munging,[Books;Food & Drink;Historical Events]
mangoes,[Food & Drink;Technology]
sideboard's,[Animals;Animals]
Libreville's,[Famous People;Music]
pinafore,[Sports;Animals;Famous People]
Freemason,[Countries;Famous People;Music]
hypes,[Books;Famous People]
audition's,[Movies;Sports;Movies]
amalgam,[Movies;Animals;Music]
heartrending,[Animals;Historical Events;Technology]
falsity's,[Animals;Sports]
gutless,[Technology;Historical Events]
Anatolian's,[Books;Music]
diffident,[Animals;Countries]
Chanel,[Food & Drink;Technology;Sports]
ambassadors,[Music;Famous People;Movies]
shrewdness,[Music;Music]
palmiest,[Animals]
tech,[Famous People;Music]
ruminant,[Famous People;Sports]
itinerary's,[Historical Events;Sports]
Berlins,[Technology;Historical Events]
bassoons,[Animals;Movies;Famous People]
subsidized,[Music;Music]
Peters's,[Music]
invoice,[Sports;Music;Historical Events]
baroque,[Music;Technology]
Iraqi,[Famous People;Animals]
friending,[Books]
culprit's,[Music;Food & Drink]
negatived,[Sports;Historical Events]
slackened,[Books;Sports]
fogey's,[Countries;Food & Drink;Food & Drink]
helium's,[Famous People;Music]
mines,[Animals;Animals;Countries]
tungsten,[Countries;Sports;Famous People]
misanthropist,[Sports]
pattern,[Animals;Animals;Animals]
lyricist's,[Technology;Technology;Famous People]
Colosseum,[Animals]
Steinbeck's,[Books;Technology]
ramble's,[Historical Events]
hid,[Sports]
stillness's,[Music;Music;Technology]
splints,[Food & Drink;Historical Events]
linnet's,[Music;Animals]
orient's,[Food & Drink;Famous People;Sports]
lactic,[Movies;Movies]
calorie's,[Historical Events;Books;Technology]
teazle,[Movies;Animals]
newsreel's,[Food & Drink;Technology]
papery,[Famous People;Books;Sports]
angiosperms,[Music;Famous People;Books]
reworks,[Movies]
approbation's,[Animals;Famous People]
ashore,[Music;Sports]
peaceably,[Technology]
grimness's,[Countries;Famous People;Music]
hedonist,[Famous People]
culminating,[Animals]
Clark's,[Sports;Music;Books]
snipe,[Sports]
Kansan's,[Famous People;Music]
napping,[Sports]
Kayla,[Technology;Books]
CompuServe's,[Famous People;Countries;Countries]
Melpomene,[Countries;Sports;Historical Events]
cupid's,[Sports;Music]
Francisco's,[Animals;Food & Drink]
folk's,[Famous People;Animals;Technology]
Molotov,[Sports;Famous People]
company's,[Books;Food & Drink;Famous People]
Moody,[Technology]
shipping's,[Technology]
Putnam,[Movies]
aside's,[Animals;Movies;Books]
jellyfish,[Books;Technology;Sports]
threescore's,[Famous People;Historical Events;Historical Events]
Davidson,[Countries;Historical Events]
wily,[Sports]
diploma,[Technology;Famous People]
waxwork,[Countries]
freed,[Sports;Animals;Countries]
leasing,[Historical Events;Countries]
lewdest,[Technology;Sports]
pollywog's,[Sports;Music]
told,[Sports;Sports]
dumplings,[Sports;Technology;Countries]
tosses,[Movies;Music;Music]
attics,[Famous People]
ravishingly,[Famous People;Animals]
daytime,[Movies;Technology]
letterbombs,[Famous People;Sports]
eglantine,[Food & Drink]
lumbago's,[Movies;Animals;Books]
striking,[Food & Drink;Music]
Yugoslavians,[Food & Drink;Historical Events]
known,[Countries]
bullet's,[Movies;Sports]
straightness's,[Food & Drink;Animals;Music]
unknowingly,[Food & Drink]
dermatologist's,[Music;Movies]
Gambia,[Books;Famous People]
dishonours,[Historical Events;Animals;Countries]
oinked,[Animals;Famous People;Food & Drink]
chug,[Technology]
Gaelic,[Countries]
Anglia's,[Books;Food & Drink;Sports]
Jasper,[Countries;Sports]
slinging,[Animals]
commiserating,[Technology]
foal's,[Historical Events]
bluntness's,[Books]
Zelma's,[Animals;Animals]
harmonica,[Technology;Movies;Food & Drink]
floatation's,[Music;Countries;Historical Events]
Rome's,[Movies]
swashbuckling's,[Countries;Sports;Food & Drink]
overstuffed,[Technology]
shred's,[Famous People]
careened,[Food & Drink;Technology;Books]
pecs,[Historical Events;Books;Books]
supercilious,[Famous People;Music;Music]
looniest,[Movies;Books;Movies]
paining,[Music]
whodunit's,[Historical Events;Historical Events;Historical Events]
cordite,[Music]
representative,[Technology;Animals;Historical Events]
goop,[Animals;Technology]
victimized,[Historical Events;Books;Sports]
wirier,[Technology;Books;Historical Events]
reminded,[Movies;Animals;Technology]
newsboys,[Famous People]
doyen's,[Food & Drink]
rescinding,[Famous People]
sorcery's,[Sports;Music;Technology]
magic,[Food & Drink]
Larsen,[Books;Famous People]
nod,[Movies;Famous People]
patriotism,[Food & Drink;Food & Drink;Historical Events]
spectroscopy's,[Technology]
Ruben's,[Historical Events;Books]
T'ang's,[Animals;Books;Famous People]
thrones,[Books]
stoppered,[Technology;Technology;Historical Events]
monkeys,[Technology]
churchyard,[Music]
bullfighters,[Animals]
altruism,[Countries]
gadgetry's,[Historical Events]
advancements,[Historical Events]
thickly,[Food & Drink;Sports;Technology]
exult,[Music;Famous People;Historical Events]
burgling,[Food & Drink;Music;Historical Events]
antiquarians,[Books]
chaise's,[Historical Events]
Brampton's,[Sports]
confectionery's,[Food & Drink]
turncoat's,[Music;Countries]
marble's,[Technology;Historical Events;Animals]
Rafael's,[Famous People;Music;Books]
shads,[Countries]
Basque's,[Countries;Famous People;Music]
have,[Books;Sports;Movies]
Wasatch's,[Sports]
Shcharansky's,[Famous People;Animals;Countries]
yep's,[Famous People;Famous People]
bulkhead,[Animals;Sports;Animals]
exhortation's,[Technology;Famous People]
declassify,[Books;Technology]
coalescing,[Famous People;Technology]
gramophone,[Sports;Countries]
whooping,[Technology;Technology;Books]
Gaza's,[Movies;Books;Famous People]
ophthalmologists,[Food & Drink;Technology]
separating,[Animals]
plateauing,[Famous People;Animals]
crow,[Books;Food & Drink;Books]
glitching,[Animals;Historical Events]
behavioral,[Food & Drink;Historical Events;Technology]
Alzheimer's,[Books;Sports]
latex,[Famous People]
brusquest,[Movies;Books]
mangrove,[Historical Events;Sports;Books]
mammoths,[Countries]
firewater,[Animals;Countries;Books]
marquess's,[Sports;Technology;Books]
pessimists,[Sports]
syrups,[Music;Historical Events;Historical Events]
demonstrators,[Animals]
pulsar,[Historical Events;Books]
hurler's,[Technology]
Wycherley,[Music;Countries]
Charlie's,[Animals;Countries]
asylums,[Sports;Movies]
Lysistrata's,[Animals;Food & Drink;Food & Drink]
descendant,[Books]
Burbank,[Technology]
dogmata,[Famous People]
layman,[Music;Sports;Animals]
monotonous,[Music;Food & Drink]
Norseman,[Famous People;Technology]
Aztlan's,[Movies;Movies]
wigs,[Technology;Animals;Books]
plainclothesman's,[Sports]
bifurcation's,[Books;Food & Drink]
overshooting,[Famous People;Movies]
pianoforte's,[Music;Food & Drink]
gym's,[Technology]
ISIS,[Technology;Books;Music]
clockwork,[Food & Drink]
appropriateness,[Sports;Books]
psst,[Music;Countries]
beekeeping,[Books;Technology]
dancer's,[Countries;Music]
horniest,[Music]
millrace,[Movies;Famous People;Famous People]
Altaba,[Sports]
routed,[Food & Drink;Historical Events;Technology]
trussing,[Historical Events;Sports]
sprinkling,[Countries;Famous People]
practicability's,[Technology]
zebras,[Famous People;Famous People]
software,[Sports;Music]
design's,[Food & Drink;Books]
Delaney's,[Sports]
substitution's,[Technology;Animals]
Oreo,[Historical Events;Historical Events;Music]
throttling,[Movies;Sports]
unabashed,[Historical Events]
gunwale's,[Sports;Sports]
tweet's,[Music;Food & Drink]
seascape's,[Food & Drink]
muezzin's,[Animals;Music;Famous People]
voyage's,[Books;Music;Food & Drink]
customizes,[Books;Famous People]
Coffey's,[Sports;Sports;Sports]
nocturne's,[Technology;Books;Animals]
reemerges,[Books]
coffer,[Movies]
Rickie's,[Animals;Books;Sports]
pouring,[Animals;Animals]
preshrunken,[Music]
amputation's,[Famous People;Food & Drink;Books]
cornmeal's,[Countries;Technology]
plus's,[Animals;Countries]
conic's,[Technology;Books;Sports]
umps,[Technology;Historical Events;Music]
philanthropic,[Movies;Sports;Technology]
gibed,[Animals;Books;Books]
callousness,[Food & Drink]
Poland,[Sports;Famous People]
Gambia,[Technology;Technology;Technology]
pinking,[Historical Events;Technology;Countries]
Elisabeth,[Sports]
Kristie's,[Technology;Books;Music]
shortage's,[Historical Events;Music]
Wooster,[Movies]
scram,[Historical Events]
gangling,[Music]
heartbreaking,[Movies;Countries]
highjacker,[Historical Events;Food & Drink]
rippers,[Animals;Historical Events;Food & Drink]
cavorted,[Sports;Food & Drink]
Rochester's,[Countries;Food & Drink]
formidably,[Animals;Animals]
routs,[Historical Events;Historical Events]
Zimmerman's,[Food & Drink]
newton,[Technology;Books]
devilish,[Animals]
captaining,[Movies;Music]
angleworm,[Sports;Movies]
fornication's,[Animals]
bleeps,[Music;Movies]
absorption,[Books;Food & Drink]
kopek,[Books]
veal,[Technology;Famous People]
print,[Movies;Famous People]
caterer,[Animals;Famous People;Famous People]
royal's,[Music;Music]
maxing,[Movies]
hijacking's,[Famous People;Countries]
ambition,[Historical Events;Music;Food & Drink]
Danial,[Music;Historical Events;Movies]
crisply,[Books;Historical Events;Technology]
shaver's,[Countries;Music;Historical Events]
aerodynamics's,[Music;Animals;Food & Drink]
designations,[Books]
haltingly,[Food & Drink;Books;Historical Events]
atrium's,[Animals;Sports]
Jansenist,[Books]
pelvis's,[Music;Music;Historical Events]
mackinaw's,[Historical Events]
shlepp's,[Famous People;Food & Drink]
admittance's,[Books;Animals]
ethics,[Sports;Books;Animals]
thirteenths,[Historical Events;Music;Animals]
glorying,[Food & Drink;Animals;Movies]
falcons,[Animals]
erratically,[Technology;Food & Drink;Famous People]
flyby,[Historical Events]
Avernus,[Animals]
discussant's,[Technology;Sports;Historical Events]
O'Brien's,[Countries;Countries;Movies]
textures,[Countries;Famous People]
physical,[Movies;Sports]
nook's,[Books]
nosedove,[Countries]
Babylonian,[Books;Movies;Sports]
round,[Animals;Technology;Technology]
clearer,[Famous People;Music;Famous People]
pampas,[Books]
counselor's,[Movies]
periwigs,[Food & Drink;Food & Drink]
rigorous,[Animals]
monitor,[Movies;Music]
caparison,[Technology]
Kerr,[Movies]
opuses,[Movies;Animals]
bulrush's,[Sports;Famous People]
waif,[Countries;Music;Food & Drink]
betrays,[Famous People;Countries;Books]
translation,[Technology;Animals;Animals]
overreaction,[Animals;Movies]
Lieberman's,[Animals;Countries;Food & Drink]
refract,[Historical Events;Famous People;Music]
robustness,[Movies]
scherzo's,[Food & Drink;Historical Events;Music]
gilds,[Movies]
Britten's,[Countries;Technology;Movies]
LBJ's,[Technology;Famous People]
helping's,[Countries;Technology]
predictive,[Movies;Music;Books]
spoonbills,[Historical Events;Music;Food & Drink]
writing,[Music;Movies]
stuns,[Historical Events;Food & Drink;Countries]
Lipizzaner's,[Famous People;Books]
poinsettias,[Music;Famous People]
Frederic's,[Books;Books;Countries]
hints,[Historical Events;Technology;Famous People]
friskiness's,[Food & Drink]
ruddiness,[Sports;Historical Events;Animals]
dissuasion,[Technology;Famous People;Movies]
Nell,[Food & Drink;Food & Drink]
reinforces,[Food & Drink]
vibrantly,[Historical Events;Famous People;Historical Events]
Korea's,[Food & Drink;Books;Music]
Rabin,[Movies]
upbraided,[Books;Music]
swimmer,[Countries;Historical Events]
earlobe,[Countries;Historical Events]
grubbiness,[Movies]
beefsteak's,[Food & Drink;Sports;Famous People]
flicking,[Countries;Books;Sports]
solicitors,[Historical Events;Animals;Historical Events]
citation,[Technology;Movies]
pager's,[Books;Food & Drink;Famous People]
unsaddled,[Books;Countries]
Shikoku's,[Technology]
Wash,[Movies;Animals;Animals]
barbecuing,[Sports;Movies;Animals]
bluebottle,[Historical Events]
trimaran's,[Historical Events]
sizzle,[Famous People]
vermin's,[Historical Events;Famous People]
proscriptions,[Movies;Technology;Movies]
Havarti,[Books;Animals]
springboard,[Famous People;Historical Events]
void's,[Sports;Music]
curler's,[Animals;Animals]
expurgates,[Music;Famous People]
ossifying,[Movies]
reward's,[Technology;Animals]
chisel's,[Sports]
bamboozling,[Technology]
Peters,[Technology;Animals]
jag,[Food & Drink;Animals]
hiccuped,[Animals;Animals]
reshuffle's,[Sports]
refinances,[Technology;Music;Famous People]
Parkinson,[Sports]
truancy,[Movies;Music;Sports]
recharge's,[Books]
chapel's,[Famous People;Sports;Movies]
Manley's,[Sports;Historical Events]
traducing,[Technology;Technology]
broad,[Music;Famous People]
Byers,[Music]
gelatine's,[Animals;Music]
roentgen,[Animals;Technology]
wainscoting,[Technology]
Henri,[Books;Books;Sports]
lousiness,[Books;Animals]
Dawes,[Technology;Sports;Music]
befuddled,[Food & Drink;Famous People]
sleeking,[Movies;Historical Events;Famous People]
perfume,[Sports;Countries]
Amber,[Countries;Technology]
openly,[Sports;Music]
palmy,[Food & Drink;Countries;Movies]
heaviest,[Books;Sports]
irritatingly,[Food & Drink]
mixtures,[Food & Drink]
togs,[Music;Music;Movies]
waging,[Famous People;Technology]
critiquing,[Animals]
chanticleer,[Books;Historical Events]
sinful,[Technology;Books;Movies]
upraising,[Technology]
riotous,[Technology]
letterheads,[Countries;Music]
Khayyam's,[Historical Events;Technology]
specked,[Historical Events;Countries]
forbidden,[Countries;Historical Events;Movies]
trapezoid,[Animals;Books]
dot's,[Movies;Historical Events]
demonstrable,[Music;Sports;Technology]
blog,[Music]
bobtail,[Technology;Historical Events;Music]
pyramid's,[Food & Drink;Technology]
gigabyte,[Animals;Historical Events]
deaf,[Technology;Famous People]
tawny,[Books]
balsam's,[Food & Drink]
Clemons's,[Music]
stoop,[Technology;Books]
haberdashery's,[Sports;Music;Countries]
smartwatch,[Music]
erratum,[Food & Drink;Food & Drink;Famous People]
hymen,[Sports;Music]
young's,[Technology;Movies;Sports]
confederations,[Books;Food & Drink]
Niamey's,[Historical Events;Movies]
befogs,[Music]
screechier,[Technology;Music]
tapes,[Famous People]
egging,[Music;Historical Events]
upend,[Food & Drink;Technology]
vernaculars,[Food & Drink;Famous People]
Mae,[Music;Famous People;Animals]
tofu's,[Famous People;Technology]
federalist,[Historical Events;Famous People]
allegiance,[Historical Events;Food & Drink]
Hobart's,[Food & Drink;Movies]
heptagons,[Movies;Books]
weepiest,[Books;Sports]
funk,[Famous People;Music;Food & Drink]
Schulz,[Famous People;Sports;Technology]
Brice,[Animals;Movies]
hippie's,[Technology]
summarizes,[Books;Famous People;Animals]
tightwads,[Music;Music]
marquise,[Famous People;Countries;Sports]
decor,[Famous People;Famous People]
Eltanin's,[Countries;Technology;Music]
meritoriously,[Famous People;Music;Food & Drink]
Himmler's,[Countries;Animals]
Anglicanisms,[Music;Countries]
docudramas,[Technology;Music;Books]
thrush,[Sports;Movies;Countries]
workarounds,[Sports;Music;Food & Drink]
imperatively,[Technology;Books;Technology]
shrugging,[Books;Movies]
suffocates,[Countries]
confidentiality's,[Animals]
soapiness's,[Books;Famous People;Food & Drink]
superlatively,[Food & Drink;Technology;Food & Drink]
foliage's,[Movies;Animals]
Correggio,[Food & Drink;Animals;Movies]
voyager,[Sports]
appointment's,[Historical Events]
Francesca's,[Sports;Historical Events]
leads,[Famous People;Animals]
herder,[Technology;Movies]
skewer,[Countries;Movies]
Fragonard's,[Historical Events;Books;Countries]
Adelaide's,[Historical Events;Food & Drink]
effacing,[Movies;Historical Events;Historical Events]
unload,[Books]
celerity,[Historical Events;Countries;Animals]
lubbers,[Famous People;Food & Drink]
Terr,[Animals]
Venusian,[Animals;Animals;Food & Drink]
rainbow's,[Technology]
Marathon,[Technology;Food & Drink]
divine,[Movies;Movies]
manikin's,[Countries;Countries]
sixty's,[Food & Drink;Historical Events]
fully,[Historical Events]
arc,[Books;Countries]
Ugandan's,[Historical Events]
possibles,[Technology]
Kornberg's,[Technology;Books;Music]
K,[Animals]
tensely,[Historical Events;Famous People]
cutthroats,[Sports]
toothbrush's,[Music]
nit's,[Animals;Countries]
Emma's,[Famous People;Music;Books]
Hermosillo,[Historical Events;Animals]
Beefaroni's,[Books;Countries;Movies]
Gog,[Sports;Sports]
Netzahualcoyotl,[Animals]
leafs,[Countries]
mamboed,[Sports]
Jerome's,[Music;Countries;Sports]
savories,[Food & Drink;Famous People]
rapine,[Famous People;Food & Drink]
Pembroke's,[Countries;Animals]
Hodgkin,[Famous People;Music]
corroboration's,[Music;Movies]
Menzies,[Books;Historical Events]
constant,[Animals;Famous People]
revolutionizing,[Food & Drink;Animals]
resuscitate,[Food & Drink;Movies;Animals]
encapsulate,[Animals;Historical Events]
kinswoman,[Food & Drink;Books]
wantons,[Countries;Sports;Music]
draftsman's,[Books]
junco,[Historical Events;Books;Movies]
panhandler,[Countries;Countries;Technology]
sillies,[Countries;Countries]
miming,[Movies]
undergoes,[Animals]
gas's,[Books]
populates,[Technology]
sighting's,[Animals;Technology;Food & Drink]
curdle,[Movies;Famous People]
Popsicle,[Sports;Food & Drink;Food & Drink]
Dvorák,[Sports;Animals;Historical Events]
averse,[Animals;Countries]
dependencies,[Countries;Historical Events;Sports]
dated,[Movies;Famous People]
divines,[Sports;Food & Drink;Countries]
scarlet,[Movies;Music]
gals,[Movies;Music]
notarised,[Sports;Famous People]
Netflix's,[Countries;Music;Sports]
Mameluke's,[Music;Books;Technology]
Slavic's,[Music;Historical Events;Countries]
tendentiousness,[Animals;Countries;Countries]
Sharif,[Famous People]
Sirius's,[Movies;Movies]
ragamuffin's,[Music;Food & Drink;Food & Drink]
sarcastic,[Technology;Historical Events]
grouchiest,[Sports;Technology]
gee,[Historical Events;Animals;Animals]
authority's,[Movies;Historical Events;Food & Drink]
Kafka's,[Technology;Movies]
switchblades,[Historical Events;Music]
equilibrium,[Music;Music]
bridge,[Sports;Food & Drink]
fitness,[Technology]
folklore,[Books;Books;Music]
tibia's,[Animals;Animals]
cosponsoring,[Food & Drink]
cleave,[Famous People;Music]
regulator,[Music;Animals;Movies]
geologic,[Animals]
pope's,[Famous People]
huntsmen,[Music;Food & Drink]
Mohammedans,[Movies;Sports]
barbecue,[Technology;Sports;Countries]
mudslinger,[Music;Animals;Food & Drink]
couch's,[Movies]
wavy,[Books]
surcharges,[Animals;Music]
pathway,[Books;Famous People;Countries]
precedents,[Countries;Movies;Animals]
moneymaker's,[Famous People]
peccadillo's,[Music]
bottom,[Movies]
thimble's,[Books;Countries]
screens,[Books;Historical Events;Historical Events]
tinkering,[Famous People;Sports;Famous People]
shinny,[Historical Events]
spillway,[Movies;Historical Events]
reverie,[Books;Technology;Animals]
moans,[Countries;Countries;Books]
meteorite,[Countries]
programmable's,[Sports]
Au,[Sports;Sports]
biscuit,[Books;Movies]
anopheles's,[Music;Food & Drink]
memorably,[Sports;Technology;Technology]
GP,[Sports;Food & Drink]
alohas,[Movies]
overlord's,[Movies]
entropy's,[Sports]
Ampere,[Technology;Technology;Animals]
managers,[Books]
flightiness's,[Animals]
undeceiving,[Food & Drink;Books;Countries]
overspends,[Books;Movies]
Fragonard,[Sports;Technology]
kidneys,[Animals;Historical Events;Animals]
underlining,[Music;Animals]
pandemic's,[Books]
features,[Books]
reindeer's,[Animals;Sports]
touchdown,[Sports]
intelligence's,[Music;Music]
procrastination,[Technology;Famous People;Countries]
anatomy,[Famous People;Animals;Music]
schedule's,[Countries;Countries]
ump,[Animals]
infliction's,[Sports]
Louisianian's,[Technology;Famous People;Technology]
fudge's,[Books]
capaciously,[Sports;Countries;Technology]
cortex,[Movies]
feint's,[Sports;Music;Food & Drink]
leafletting,[Movies;Famous People;Music]
if's,[Sports;Famous People;Sports]
cadenza,[Music]
Elliott,[Sports;Countries]
grooming's,[Movies;Books;Historical Events]
unadulterated,[Sports;Books;Famous People]
excitingly,[Books;Music;Animals]
sylphs,[Historical Events]
Reynolds,[Technology]
recrudescence,[Sports]
broil,[Historical Events;Books;Famous People]
slims,[Technology]
nationalizes,[Countries;Books]
engagements,[Technology]
stoic,[Countries]
fifth,[Food & Drink;Food & Drink]
undress's,[Movies;Food & Drink]
Texaco's,[Sports;Countries]
reneges,[Animals;Movies]
moisturizers,[Books]
teach,[Animals;Food & Drink]
Mendez,[Historical Events;Famous People]
papooses,[Sports]
directive,[Books]
comedy,[Movies;Sports]
Stockhausen,[Music]
cabbages,[Animals]
wan,[Famous People;Music;Books]
unsafe,[Movies;Movies;Food & Drink]
enchanter,[Music;Animals]
baptizing,[Sports;Food & Drink;Historical Events]
bedsore's,[Sports;Technology]
visioning,[Countries;Technology]
Andrew's,[Movies;Historical Events;Animals]
Qiqihar,[Animals;Countries]
wounder,[Food & Drink;Music;Animals]
terminology's,[Food & Drink]
staff,[Countries;Countries]
square,[Technology;Sports]
Brazilian's,[Technology;Countries;Sports]
worsens,[Famous People;Historical Events]
robing,[Countries;Historical Events]
ampere,[Famous People;Countries]
lashes,[Famous People;Animals]
chaparrals,[Sports]
straitened,[Books]
manly,[Books;Animals;Animals]
doll,[Famous People;Movies]
nerving,[Sports]
clothiers,[Movies]
haggler,[Sports;Historical Events;Technology]
Blondie's,[Technology;Countries]
intercollegiate,[Food & Drink;Countries]
grills,[Technology;Countries;Movies]
inhumanely,[Historical Events]
teeming,[Animals]
polygraph,[Sports;Food & Drink]
surcharge's,[Historical Events;Countries;Countries]
sparkling,[Technology]
windbags,[Technology;Food & Drink;Music]
shanghais,[Sports;Music]
fob's,[Famous People]
resupplied,[Technology;Food & Drink;Technology]
photographic,[Technology]
brand,[Historical Events;Books]
rim,[Food & Drink]
mace's,[Books]
crispier,[Music;Animals;Famous People]
delay,[Animals;Music;Technology]
temptations,[Movies;Movies;Technology]
programmed,[Countries;Animals;Sports]
jimmying,[Countries]
inspirational,[Sports;Animals]
hectoring,[Animals;Sports;Countries]
proxies,[Food & Drink]
concocts,[Music;Sports]
Benares,[Food & Drink;Famous People;Food & Drink]
mangroves,[Food & Drink;Books;Sports]
debility's,[Sports]
strapped,[Movies;Music]
electrifying,[Technology;Sports]
retainer's,[Food & Drink]
Felicity's,[Books;Famous People;Historical Events]
frosted,[Technology;Countries;Famous People]
Mari's,[Famous People;Animals;Technology]
sysadmin,[Technology]
knacker,[Famous People;Food & Drink;Famous People]
Aurelius,[Sports;Books;Books]
rockier,[Countries]
maddened,[Books;Historical Events;Famous People]
spare's,[Famous People;Food & Drink;Sports]
Zoroastrian's,[Food & Drink;Animals;Famous People]
foibles,[Food & Drink]
malarkey,[Countries]
rime,[Historical Events;Sports;Movies]
correlation's,[Sports;Famous People;Sports]
reality's,[Technology]
Janice,[Technology;Countries]
twelve,[Famous People;Music]
opining,[Animals]
predecessors,[Sports;Books;Countries]
dependent's,[Historical Events;Technology]
bankrupting,[Technology;Technology]
tormented,[Animals;Food & Drink]
Niebuhr,[Sports;Technology;Sports]
arthritic's,[Famous People;Countries;Food & Drink]
spay,[Music;Food & Drink]
fiches,[Food & Drink;Music]
vetch's,[Sports]
chic,[Technology;Animals]
frontages,[Books;Animals;Animals]
Xenakis,[Technology;Music;Movies]
serviette,[Music;Food & Drink]
unfairer,[Movies;Famous People]
reservations,[Sports]
coarsest,[Food & Drink;Movies;Technology]
northeaster,[Books]
lopes,[Movies;Books;Technology]
audibility,[Food & Drink;Technology;Famous People]
chatterboxes,[Famous People;Countries;Countries]
colleen,[Sports;Books]
energizer's,[Technology;Historical Events]
paratroopers,[Historical Events]
Weaver,[Famous People;Countries;Technology]
unnoticed,[Famous People]
piggybacked,[Books;Movies;Technology]
repent,[Historical Events;Sports]
callus,[Historical Events;Sports]
pacts,[Sports]
hovel's,[Historical Events;Music;Food & Drink]
scowling,[Famous People;Countries]
blintz,[Technology;Music]
x,[Technology;Music;Animals]
Ronstadt,[Animals]
remiss,[Music;Sports;Animals]
tourneys,[Books;Food & Drink;Technology]
modernize,[Food & Drink]
Mississauga's,[Technology]
paramours,[Sports;Movies;Music]
Truman,[Animals;Books]
odium,[Famous People]
heedlessly,[Countries;Famous People]
fumigation,[Technology]
Lycra,[Countries]
unproven,[Sports;Historical Events]
Baltimore's,[Countries;Movies;Food & Drink]
halitosis's,[Famous People;Sports]
rottener,[Technology]
corrosive,[Movies]
racetrack's,[Movies;Famous People;Movies]
looming,[Countries]
afar,[Food & Drink;Food & Drink]
clinched,[Movies;Movies]
woofer,[Famous People;Famous People;Books]
wildcat,[Historical Events;Sports]
reefer's,[Books;Food & Drink;Technology]
exposure's,[Historical Events;Historical Events;Famous People]
creed's,[Music;Books;Famous People]
functional,[Music;Technology]
Altaic's,[Music;Sports]
detect,[Famous People;Music;Countries]
suppository's,[Countries]
Tanya's,[Music;Books]
uninsured,[Historical Events;Technology]
delimits,[Animals]
weltered,[Sports]
ageism,[Movies]
purposeful,[Technology]
catchers,[Food & Drink;Books;Food & Drink]
anthropomorphism,[Food & Drink;Sports]
conservatory,[Animals]
smacker,[Technology;Food & Drink;Movies]
Foreman's,[Books;Books]
paw,[Food & Drink;Animals;Food & Drink]
Hamhung's,[Movies]
Ito,[Historical Events]
oxyacetylene,[Books;Food & Drink;Historical Events]
infection,[Technology;Food & Drink;Books]
tinkering,[Famous People;Food & Drink]
obnoxiously,[Historical Events;Countries]
Karenina,[Food & Drink;Technology;Famous People]
adversary's,[Music;Books;Technology]
Spinx,[Movies;Food & Drink;Technology]
devil,[Movies]
choosy,[Books]
sloping,[Historical Events;Movies]
softie,[Historical Events]
Colorado's,[Movies;Historical Events]
tinsmiths,[Food & Drink]
Malone,[Books]
Sanger,[Animals;Movies]
Haleakala,[Famous People]
gridlocks,[Books]
soaked,[Technology;Food & Drink]
Xerox,[Books;Technology]
agglomerated,[Technology;Famous People]
ringing,[Countries;Music]
Orlon,[Sports;Technology;Books]
conjoin,[Sports]
sensitive's,[Books]
spinach's,[Historical Events]
portion,[Food & Drink]
threnodies,[Famous People;Music;Historical Events]
contortionist,[Animals;Famous People]
timidity's,[Technology;Countries;Animals]
operatic,[Music;Historical Events]
reactionary,[Music;Famous People]
Satan's,[Movies;Music]
flights,[Famous People;Sports]
deafened,[Sports]
catwalk,[Music;Sports;Sports]
craw's,[Technology]
Lorre's,[Famous People;Countries;Books]
tribal,[Movies;Music;Music]
Frey's,[Countries]
palmist's,[Famous People]
strawberries,[Historical Events]
joggle,[Food & Drink;Food & Drink;Movies]
tense,[Countries;Animals;Famous People]
hoaxers,[Technology]
travailing,[Movies;Music]
Morrow,[Historical Events]
offense,[Books;Technology]
profiteer's,[Historical Events;Famous People;Animals]
ordure,[Historical Events;Food & Drink]
Albert,[Food & Drink;Books]
manhunt's,[Music]
sedative's,[Music;Historical Events]
GPU,[Famous People]
boiling,[Sports;Movies;Food & Drink]
unmakes,[Books]
guts,[Animals]
interest's,[Music;Technology]
ambassador's,[Animals;Famous People;Technology]
pickaxe's,[Animals;Sports]
Enoch,[Books]
phrasing,[Countries;Music;Sports]
tabernacles,[Movies;Animals;Countries]
wheels,[Famous People;Books;Music]
weasel's,[Historical Events;Countries]
semaphored,[Movies;Countries;Technology]
wigwagging,[Movies]
definiteness's,[Technology]
fusible,[Music]
windward's,[Sports]
prudes,[Technology;Famous People]
deathtrap,[Technology;Sports;Famous People]
encephalitis's,[Movies;Books]
protected,[Famous People;Countries]
faultiness's,[Food & Drink;Books;Movies]
confederacies,[Movies;Countries;Music]
Tacoma's,[Historical Events;Music;Countries]
troopship's,[Books]
Iqaluit,[Historical Events;Countries]
catchword,[Food & Drink]
equal,[Countries;Music]
chummier,[Food & Drink]
cuddling,[Famous People;Music]
unbuttons,[Music]
rocketed,[Sports;Countries;Music]
Sikkimese,[Books]
emigrations,[Movies;Movies]
connubial,[Countries;Technology]
earnestness,[Famous People]
paranoids,[Technology;Famous People]
Vlaminck's,[Animals]
forbidden,[Movies]
overpass,[Famous People;Books]
vow,[Countries;Music;Historical Events]
autobiographical,[Sports;Books;Famous People]
railroads,[Countries;Technology]
iceberg,[Technology;Food & Drink;Famous People]
nymphomania's,[Books]
Julian,[Sports]
besetting,[Historical Events;Animals;Food & Drink]
padres,[Countries]
cellars,[Books;Sports;Animals]
filibustering,[Movies;Technology]
abaft,[Sports]
phallus's,[Animals]
sparse,[Movies;Food & Drink;Music]
potpie,[Technology;Famous People;Music]
placing,[Sports;Technology;Technology]
crouch,[Animals]
Fermat's,[Technology;Sports]
drank,[Countries;Animals;Books]
musicologists,[Food & Drink]
rancorous,[Music;Countries;Famous People]
Chloe's,[Music;Books;Movies]
bologna's,[Historical Events;Animals]
varmints,[Food & Drink]
scallion's,[Technology;Sports;Animals]
Stephanie,[Sports;Historical Events;Food & Drink]
demagogic,[Animals;Music]
toothpick's,[Movies]
tequilas,[Historical Events;Countries;Books]
Aquafresh,[Famous People]
batty,[Famous People;Books]
crochet,[Books;Food & Drink]
downs,[Technology;Music;Countries]
ward,[Sports]
birthers,[Food & Drink;Books]
bittersweets,[Food & Drink;Movies]
mat,[Food & Drink;Technology;Animals]
Danone's,[Movies]
polities,[Movies;Music;Sports]
Alabamian's,[Famous People]
deed's,[Music;Movies;Animals]
Yates's,[Music;Animals]
reorged,[Books;Food & Drink]
Laurie,[Books;Historical Events;Famous People]
nonsensically,[Animals;Technology;Food & Drink]
toothaches,[Sports;Sports;Music]
Shepard's,[Countries;Countries;Countries]
thistledown's,[Animals]
rucksack,[Food & Drink;Famous People;Movies]
uncleanness,[Famous People;Movies]
twilight's,[Historical Events;Technology;Technology]
recliners,[Technology]
keepsake,[Technology;Music]
clinks,[Movies;Sports]
Tex's,[Food & Drink;Movies]
mistrusts,[Historical Events;Animals]
headrest,[Technology]
adrenal,[Countries;Sports]
attests,[Historical Events;Countries;Famous People]
matriculated,[Historical Events]
vials,[Famous People;Books;Sports]
muster's,[Famous People]
Squanto's,[Music]
crusty,[Historical Events;Technology]
Crisco,[Famous People]
incompatible's,[Sports;Countries;Countries]
lynchpin,[Food & Drink;Animals;Food & Drink]
abstractness,[Historical Events;Technology;Food & Drink]
chiming,[Animals;Animals]
fishier,[Countries;Animals;Food & Drink]
disgusts,[Countries;Animals]
unbelievably,[Sports;Countries;Technology]
Reinhold,[Books;Movies]
gentlest,[Movies;Countries;Movies]
gentlewoman,[Historical Events;Famous People]
graduating,[Movies]
outcropped,[Books]
repudiations,[Technology;Historical Events]
choir,[Sports;Music]
Suleiman,[Technology]
spanks,[Famous People]
nipper's,[Famous People]
oscilloscope's,[Music;Animals;Movies]
arborvitaes,[Historical Events]
beefiest,[Movies;Movies;Technology]
veal,[Food & Drink]
washer,[Music]
bombastic,[Food & Drink;Music;Books]
belong,[Movies;Books]
colloquialisms,[Countries;Historical Events]
Davies,[Books;Books]
inkiness,[Historical Events]
pedal's,[Movies]
Russo,[Books;Movies]
remembering,[Food & Drink;Famous People]
unharmed,[Music]
situations,[Technology]
Porsche's,[Famous People]
Reich,[Music;Books;Movies]
hairbrush,[Technology;Famous People;Food & Drink]
numbness's,[Famous People;Historical Events;Countries]
fixed,[Movies;Countries;Historical Events]
Amritsar's,[Sports;Animals;Sports]
Priam's,[Sports;Historical Events;Movies]
Duroc,[Countries;Music;Music]
schoolmate's,[Countries]
alpaca,[Books;Technology]
enemy's,[Food & Drink;Books;Sports]
conquests,[Sports;Animals]
Josh's,[Technology;Animals]
Djakarta,[Books;Food & Drink]
snaked,[Movies;Books]
hoed,[Books;Books]
emporium's,[Animals;Technology]
Vijayanagar's,[Famous People;Famous People;Food & Drink]
rental,[Music]
devolving,[Technology;Food & Drink]
Miaplacidus's,[Food & Drink]
inception,[Countries]
tones,[Technology;Movies;Historical Events]
McGuire,[Countries]
bombarding,[Books;Sports]
overproduced,[Famous People]
colouring,[Music]
asterisked,[Sports]
Germany's,[Food & Drink;Music]
hooray's,[Movies;Countries;Food & Drink]
damsons,[Famous People;Animals;Historical Events]
cochleae,[Animals;Sports]
Schweitzer's,[Countries;Books]
infatuated,[Sports;Animals;Animals]
Michel's,[Famous People;Technology;Books]
Yemeni,[Countries]
Ian,[Books]
fascists,[Music;Books;Animals]
agent's,[Animals;Animals]
finishers,[Countries]
set,[Books]
lasagna,[Movies;Movies;Books]
textures,[Sports]
abets,[Animals]
base's,[Sports;Sports]
screwdrivers,[Sports;Food & Drink;Animals]
blasphemies,[Movies]
MariaDB's,[Countries;Books]
Carthaginian,[Sports]
criminal,[Animals;Technology]
muckraked,[Famous People]
steerage,[Countries;Technology;Books]
immunizations,[Music;Food & Drink]
careless,[Countries;Books]
J's,[Movies]
mono's,[Technology;Countries]
hockshops,[Historical Events;Books;Sports]
newscast,[Technology]
eclectic,[Animals;Technology;Sports]
Canaveral's,[Books]
tossups,[Historical Events;Technology;Historical Events]
slices,[Technology;Animals]
firearms,[Sports;Famous People;Music]
fir,[Music;Books;Animals]
newsgroups,[Historical Events;Famous People]
disadvantageously,[Movies;Countries]
arrested,[Music;Books;Music]
abjure,[Sports;Animals;Historical Events]
weapon's,[Countries;Countries;Movies]
prompted,[Technology;Technology]
Fiat,[Technology;Books]
midriffs,[Music]
intrusted,[Famous People;Sports]
pettifogger,[Animals;Animals]
fumble's,[Countries;Movies]
charbroils,[Sports;Famous People;Books]
spitefullest,[Music;Countries;Movies]
Odis,[Food & Drink;Animals]
finis's,[Books;Sports]
incumbent's,[Books;Historical Events;Animals]
mechanism's,[Countries;Food & Drink;Historical Events]
masculinity,[Food & Drink;Sports;Sports]
slacking,[Countries;Countries;Animals]
Czerny's,[Historical Events;Books]
prepossessed,[Music;Historical Events]
section's,[Sports]
winnows,[Countries]
Isaiah,[Famous People]
entwines,[Animals;Famous People]
leakage's,[Countries]
liposuction,[Historical Events;Countries;Sports]
Instagram,[Technology;Movies]
twelfths,[Historical Events]
chronic,[Countries;Books]
udders,[Technology;Music;Technology]
tiredness,[Famous People;Technology]
Danone's,[Technology;Historical Events;Music]
consoling,[Books;Countries;Sports]
dressmakers,[Movies;Countries]
bereaves,[Sports;Historical Events;Food & Drink]
Louisianans,[Technology]
climaxes,[Historical Events;Historical Events;Food & Drink]
mow,[Technology;Books]
woe,[Historical Events;Animals;Books]
Fuchs's,[Books]
fateful,[Movies]
unwind,[Countries;Technology;Music]
Borobudur's,[Music;Countries]
nosebleed,[Sports;Animals;Historical Events]
emancipated,[Movies;Historical Events]
granule's,[Famous People;Music;Music]
tumours,[Countries;Countries]
comfortingly,[Books]
mountaineered,[Animals;Sports;Animals]
carnivores,[Animals;Countries]
Joyce's,[Countries;Technology]
whimsey's,[Movies;Technology]
Eisner,[Historical Events]
bonehead's,[Countries]
allegiance's,[Countries;Animals]
causeless,[Countries;Famous People;Movies]
Thracian,[Books;Music]
pelted,[Famous People]
eyelet's,[Food & Drink]
Kenmore's,[Animals]
sophisticated,[Technology]
glossary's,[Movies;Movies;Movies]
snoopier,[Books]
Matthew's,[Historical Events;Sports;Food & Drink]
receiver's,[Music]
gecko's,[Technology;Food & Drink]
needlework,[Sports;Famous People;Countries]
achievable,[Historical Events;Animals;Music]
tenderizes,[Historical Events;Movies]
communicates,[Sports;Sports;Sports]
delivers,[Music;Movies]
silliest,[Countries]
trudge's,[Countries]
unashamed,[Music]
tabernacle's,[Technology]
grafting,[Food & Drink;Books;Sports]
instead,[Books;Movies;Technology]
Genaro,[Famous People;Movies;Food & Drink]
establishing,[Music]
bravuras,[Movies]
fiddler,[Technology;Animals;Music]
caryatids,[Countries;Famous People;Famous People]
unmans,[Music;Countries;Historical Events]
girth,[Sports;Movies;Sports]
piggyback's,[Music]
warbled,[Historical Events;Countries]
bogey's,[Movies]
snapper's,[Historical Events;Historical Events]
Kimberly,[Technology;Historical Events]
aerosol's,[Sports;Music;Historical Events]
Alnilam's,[Technology;Animals]
cycled,[Animals]
clothes,[Technology;Animals]
sue,[Movies]
gaffe's,[Sports;Books;Historical Events]
characterization,[Music]
raiders,[Technology;Countries;Movies]
Gipsy,[Technology]
blooming,[Music;Famous People;Books]
Pahlavi,[Food & Drink]
imam,[Historical Events;Historical Events;Historical Events]
swiftest,[Animals]
Roberts's,[Sports;Technology]
piffle,[Books;Books;Technology]
guides,[Famous People]
raisin's,[Books;Music;Books]
Kayla's,[Books]
mucous,[Food & Drink;Movies]
Menes,[Movies;Sports]
heterosexuals,[Food & Drink;Historical Events]
hard,[Movies]
headlong,[Food & Drink;Famous People;Movies]
bookend's,[Historical Events;Animals]
yrs,[Food & Drink;Animals;Famous People]
deference,[Animals;Technology;Historical Events]
fondest,[Music;Countries;Sports]
sovereignty,[Technology]
insufficiency's,[Movies]
Kahlua's,[Books;Countries;Animals]
downplay,[Movies]
Spartacus's,[Technology;Historical Events]
cotton's,[Countries]
unfeeling,[Sports;Food & Drink;Books]
Chancellorsville's,[Animals;Technology;Books]
Edgardo,[Animals;Historical Events;Music]
photograph's,[Famous People;Movies]
Foosball,[Movies]
eves,[Movies]
bypast,[Countries]
taunt,[Famous People;Food & Drink]
toys,[Sports]
piddling,[Books;Technology]
skyed,[Famous People;Animals;Animals]
Putin,[Movies;Technology]
glamourized,[Movies;Animals]
skewering,[Countries]
aboriginal,[Animals]
trisecting,[Food & Drink;Historical Events]
gonk,[Animals;Movies]
dialectic,[Historical Events]
fencing,[Countries;Food & Drink;Movies]
instability,[Countries]
Riel's,[Music;Historical Events;Sports]
seal's,[Animals;Countries;Music]
pressurize,[Historical Events]
fragiler,[Movies]
plasma,[Countries;Historical Events;Animals]
Ignacio's,[Sports;Countries]
albacore's,[Historical Events;Technology;Animals]
sixpence's,[Historical Events;Historical Events;Technology]
dearth's,[Famous People]
fingerboards,[Books;Movies;Countries]
redesigning,[Music;Animals;Movies]
palpitate,[Famous People;Technology;Countries]
shoon,[Technology;Animals;Technology]
backwards,[Music]
accusations,[Historical Events;Technology;Food & Drink]
slather,[Countries;Technology]
decontaminate,[Food & Drink;Countries]
sleeveless,[Historical Events;Books]
Capricorn's,[Technology]
Karamazov's,[Historical Events;Animals]
intensification's,[Food & Drink;Famous People]
menaced,[Animals;Countries]
equation's,[Food & Drink;Countries]
Perth's,[Sports]
united,[Technology;Animals]
exegesis's,[Sports;Historical Events]
Debouillet's,[Food & Drink;Technology;Historical Events]
flatfeet,[Historical Events;Historical Events;Countries]
forefather's,[Countries;Technology]
fabrics,[Music;Movies;Famous People]
Zsigmondy,[Music;Countries]
Guyana,[Food & Drink;Sports;Historical Events]
duellists,[Sports;Countries;Countries]
Easters,[Sports;Historical Events]
Audubon,[Technology;Sports]
lawfulness,[Movies]
deficiencies,[Food & Drink;Animals]
cysts,[Movies;Food & Drink]
Erse,[Technology;Famous People;Food & Drink]
tanning,[Movies;Technology;Movies]
realist's,[Music]
Pym,[Animals;Historical Events;Animals]
inverted,[Historical Events]
cherubims,[Countries;Music]
Velez's,[Countries]
pommel,[Animals;Famous People;Food & Drink]
burdened,[Technology;Books]
Marylou's,[Food & Drink;Technology]
smouldered,[Countries]
bawls,[Countries;Animals]
copula's,[Animals;Historical Events;Historical Events]
tides,[Food & Drink;Technology;Countries]
hazes,[Famous People;Music]
perversely,[Countries;Countries;Historical Events]
detached,[Technology;Animals;Famous People]
score's,[Food & Drink]
sherd,[Music;Famous People;Movies]
Szechuan's,[Historical Events]
revisited,[Famous People]
Venice,[Historical Events;Animals]
death,[Food & Drink;Countries]
gusseting,[Animals;Music]
glanced,[Animals;Music;Books]
comforter,[Sports]
pushiest,[Animals;Countries;Movies]
absurdities,[Music;Technology;Books]
pile's,[Famous People;Books;Food & Drink]
overripe's,[Movies]
acidic,[Books;Sports]
unfasten,[Animals]
dachshund,[Animals;Historical Events]
Cain's,[Movies;Countries]
putting,[Books;Books;Movies]
experiment's,[Books;Movies]
sterilization,[Technology;Sports;Famous People]
overlapping,[Animals]
viewers,[Books;Sports;Food & Drink]
relived,[Historical Events;Technology]
basses,[Music;Famous People]
layaway,[Music;Sports;Movies]
saintliness,[Countries;Animals]
jimmy,[Food & Drink]
eloquent,[Food & Drink;Countries]
Tharp's,[Music]
juror's,[Animals]
ICBMs,[Famous People;Music]
vying,[Technology]
turbots,[Music;Famous People;Movies]
yesteryear,[Music;Books;Famous People]
cheeped,[Animals]
Mailer's,[Countries;Books;Famous People]
entailing,[Famous People]
cloche's,[Sports;Food & Drink]
magpies,[Sports;Books]
headhunters,[Famous People]
readjusted,[Books;Sports;Countries]
shortbread's,[Technology;Food & Drink]
Burl,[Movies;Animals;Animals]
checkup,[Movies]
unbroken,[Famous People;Countries;Technology]
talons,[Historical Events;Technology;Movies]
Wren's,[Technology]
moratorium's,[Music;Animals;Technology]
creatively,[Sports;Famous People;Food & Drink]
pluses,[Food & Drink;Food & Drink;Movies]
miniaturization's,[Movies;Sports;Food & Drink]
fin's,[Technology]
waded,[Technology;Sports;Historical Events]
misdirecting,[Food & Drink;Countries;Books]
crinoline,[Technology]
imbecile,[Technology;Famous People;Music]
pittance,[Countries;Books;Music]
reflexive,[Historical Events;Historical Events]
miser's,[Food & Drink;Food & Drink]
tenderizer's,[Technology]
Doris's,[Music]
nosebleeds,[Historical Events;Countries;Technology]
prohibited,[Music]
Ellesmere's,[Famous People;Sports]
feasts,[Historical Events;Historical Events;Food & Drink]
summed,[Music]
icebound,[Famous People;Books]
Massachusetts,[Historical Events;Famous People;Historical Events]
knew,[Movies]
Acadia,[Famous People]
inboxes,[Music]
tablespoonful's,[Technology;Food & Drink;Books]
obelisk,[Famous People]
dishonors,[Sports;Animals;Famous People]
decreased,[Music]
selectmen,[Countries;Technology;Books]
saltiest,[Music;Sports]
brainwashed,[Food & Drink;Famous People]
gray's,[Movies;Technology]
bungalow,[Food & Drink;Movies]
Nansen,[Animals;Movies]
tourmaline,[Historical Events]
graph,[Music;Music;Famous People]
vagrancy's,[Movies;Books]
busyness's,[Sports;Famous People]
Danube's,[Food & Drink]
wrestler,[Food & Drink;Books;Countries]
decontaminate,[Countries]
pathway,[Music;Technology;Famous People]
data,[Movies;Music;Technology]
hurrah,[Music]
elucidation,[Movies;Books;Music]
remittances,[Historical Events;Historical Events]
announcement's,[Music]
Shavuot's,[Historical Events;Technology]
howitzer,[Books]
barrettes,[Famous People;Movies]
Emanuel,[Movies;Food & Drink]
azures,[Movies]
Grinch's,[Food & Drink;Food & Drink]
abolition's,[Technology;Food & Drink;Food & Drink]
happened,[Sports]
ampoules,[Countries;Countries;Technology]
gendarme's,[Famous People]
branding,[Countries]
usual's,[Famous People;Music;Movies]
partitions,[Historical Events;Sports;Countries]
aerobics's,[Animals]
bloodstain's,[Animals;Technology;Animals]
Giacometti,[Technology;Animals;Food & Drink]
Addams,[Movies;Food & Drink;Countries]
vacuity,[Movies;Animals]
flicking,[Historical Events;Music;Historical Events]
Ahmad,[Music;Technology]
slaloming,[Sports;Food & Drink]
badgers,[Books]
prohibiting,[Famous People;Animals;Sports]
IL,[Famous People]
deescalated,[Books]
confusing,[Famous People;Music;Famous People]
Delibes,[Books;Animals]
disinterring,[Technology]
villein's,[Countries]
lasagnas,[Movies;Technology;Historical Events]
Calhoun,[Famous People]
precluded,[Famous People;Technology]
chaffinches,[Animals;Movies]
wistaria,[Movies]
boardrooms,[Movies;Famous People]
Roman,[Historical Events;Famous People]
paddled,[Countries;Animals]
ripest,[Famous People;Books]
abaft,[Technology;Movies;Technology]
dual,[Historical Events]
shackles,[Music;Movies]
ascription's,[Movies;Famous People;Books]
medics,[Food & Drink]
sexier,[Historical Events;Food & Drink]
legal's,[Music;Sports]
Hahn,[Movies]
Senate's,[Technology;Famous People;Sports]
canister,[Historical Events;Books]
slick's,[Sports;Sports]
boutiques,[Countries]
attire's,[Books]
prudential,[Famous People]
acme's,[Books;Food & Drink]
Duisburg,[Food & Drink;Books;Movies]
Taney's,[Countries]
Tianjin,[Sports;Animals;Animals]
firestorm,[Technology;Movies]
demijohns,[Food & Drink;Sports;Books]
sprinkle's,[Countries]
barberries,[Food & Drink]
tensest,[Technology]
monogamy's,[Sports]
yelp,[Historical Events;Music]
pinball's,[Movies]
retracted,[Technology;Books;Animals]
ruthlessness's,[Movies;Technology;Historical Events]
negotiation,[Technology;Music;Historical Events]
vial's,[Countries;Famous People;Animals]
rankings,[Music]
dribbler's,[Food & Drink]
Blackburn,[Animals]
Jeanine's,[Music]
Prensa's,[Countries;Countries]
supplementary,[Movies]
invitationals,[Food & Drink;Music]
shanghai,[Famous People]
Kroger,[Sports;Food & Drink]
answer's,[Countries]
nucleic,[Music;Movies]
souses,[Movies;Movies]
geological,[Famous People]
prose,[Countries]
elementary,[Music;Technology]
spinals,[Historical Events;Animals;Famous People]
bleeding's,[Books]
admission's,[Animals]
underwrites,[Historical Events]
tribute's,[Technology;Famous People;Animals]
fugue,[Historical Events]
distrait,[Animals;Countries;Food & Drink]
Xenophon's,[Music]
pantsuit,[Sports]
tony,[Food & Drink;Sports]
Mumbai's,[Music;Technology]
flag's,[Food & Drink;Books;Technology]
tradesman's,[Food & Drink;Countries;Famous People]
subcontinent,[Animals;Countries]
squishy,[Countries;Technology;Books]
forensics,[Technology;Movies]
forthcoming,[Books]
impurity,[Historical Events;Books]
unenviable,[Movies;Historical Events]
Gila,[Technology]
chlorine,[Books]
Ernesto,[Historical Events]
fettle,[Technology;Movies]
excluding,[Movies]
Pauline's,[Sports]
Brandenburg's,[Technology;Books;Movies]
Eileen's,[Sports;Books]
bayonet's,[Food & Drink;Historical Events]
electronica's,[Historical Events;Movies;Books]
WordPress's,[Countries;Countries]
backhoe,[Historical Events;Animals;Sports]
scheduling,[Books]
Olympus,[Famous People;Famous People;Movies]
Duroc's,[Countries;Sports]
Samoset's,[Historical Events]
comedowns,[Movies;Music]
blockchains,[Music]
circumventing,[Technology;Historical Events]
corruptness,[Movies]
cypresses,[Books;Countries]
recommenced,[Historical Events;Historical Events]
impersonation's,[Famous People]
subways,[Food & Drink]
adjustment's,[Countries;Movies]
Perez,[Music]
dells,[Historical Events]
Romanov's,[Technology;Animals]
bubblier,[Sports]
wool,[Countries]
teals,[Movies;Movies;Famous People]
Turgenev's,[Food & Drink;Countries;Movies]
councillors,[Animals]
Yeager,[Historical Events]
Leviticus's,[Food & Drink]
Satan's,[Movies]
book,[Movies;Countries;Movies]
Vivekananda's,[Movies;Movies]
overstatement,[Animals;Historical Events]
slacked,[Food & Drink]
finagler,[Famous People]
spaceships,[Famous People;Music;Animals]
remarking,[Food & Drink]
tremendous,[Animals;Books;Sports]
adjourning,[Countries;Movies;Sports]
veils,[Animals;Technology;Technology]
Waring,[Books]
countrysides,[Countries;Countries;Historical Events]
ovation's,[Music]
royalists,[Animals;Historical Events;Famous People]
mercenaries,[Famous People;Technology]
freezer,[Sports;Animals;Books]
memos,[Famous People;Historical Events;Sports]
slashing,[Food & Drink]
provincialism's,[Famous People;Food & Drink;Music]
frolicsome,[Countries;Technology]
pended,[Movies;Animals]
papoose,[Sports;Sports;Countries]
signpost's,[Famous People;Food & Drink;Books]
disaffection's,[Music;Historical Events]
catatonic,[Animals;Technology]
jumpiest,[Technology;Music;Food & Drink]
amatory,[Music;Books]
Marks,[Countries;Books;Food & Drink]
smarmy,[Animals;Famous People;Historical Events]
capaciousness's,[Sports;Food & Drink]
blacklisted,[Technology]
Tintoretto's,[Movies;Music;Music]
rave,[Movies;Historical Events;Books]
Murine's,[Food & Drink;Countries]
sequoia's,[Sports;Historical Events;Animals]
crappy,[Movies;Countries;Movies]
tagged,[Music;Movies]
maxilla's,[Countries]
deterred,[Movies;Books;Sports]
depleted,[Books;Animals;Historical Events]
emanated,[Sports;Sports]
distil,[Animals]
deputizing,[Historical Events;Food & Drink;Technology]
befriending,[Music;Food & Drink]
colours,[Books;Historical Events]
retreats,[Books;Movies]
Maltese's,[Sports;Historical Events;Music]
Grecian,[Sports]
impostures,[Music;Famous People;Books]
geodesic,[Technology;Technology]
ampersand's,[Books;Technology;Sports]
freighting,[Books;Sports;Movies]
Ijssel's,[Books;Countries]
Bangladeshi's,[Famous People;Music;Animals]
Giuseppe's,[Countries;Sports]
postured,[Animals]
exaggerating,[Animals;Historical Events]
strenuously,[Countries]
Eloise's,[Technology]
existence's,[Countries;Movies;Animals]
purport,[Historical Events]
chumminess's,[Animals;Movies;Books]
Mattel's,[Famous People;Food & Drink]
destroys,[Books]
Platonist,[Movies]
oral's,[Animals]
homespun's,[Historical Events;Countries]
widowed,[Sports]
pity,[Books;Sports;Historical Events]
abased,[Countries]
gushiest,[Technology;Famous People;Sports]
twittering,[Famous People;Famous People]
cinema,[Books;Sports;Food & Drink]
Icelander's,[Music;Countries]
doldrums,[Famous People;Food & Drink]
Boeing,[Technology]
bowdlerized,[Music;Countries;Movies]
Bruckner's,[Food & Drink]
moods,[Technology;Famous People]
adventurous,[Famous People;Technology]
humanness's,[Animals;Technology]
list's,[Sports;Food & Drink]
poachers,[Famous People;Food & Drink]
Innocent's,[Historical Events]
Father,[Music]
clash's,[Historical Events;Historical Events]
reorganization's,[Famous People;Famous People]
impulsing,[Books;Technology]
module's,[Historical Events;Animals]
espionage's,[Movies]
refusal's,[Food & Drink]
mashes,[Technology]
vituperated,[Sports;Sports;Technology]
gimmick,[Movies;Technology]
mortgagor's,[Animals;Food & Drink]
forgiving,[Historical Events;Animals;Music]
briskest,[Animals;Food & Drink;Books]
penitence's,[Technology]
wets,[Countries]
nightclubs,[Movies;Famous People;Sports]
flapjack's,[Books]
actuarial,[Books]
penlites,[Books;Books;Food & Drink]
unclothes,[Famous People]
me,[Sports;Movies]
Somali,[Technology]
Lebanese's,[Food & Drink;Countries]
plodding,[Countries;Technology;Music]
streamlines,[Technology]
Sunbeam,[Music;Sports]
fairest,[Movies;Countries]
gloss,[Countries;Movies]
wormholes,[Countries]
attacker,[Technology;Famous People]
enquired,[Movies;Animals;Books]
cantaloupe,[Historical Events;Famous People;Famous People]
Hovhaness's,[Movies]
quip's,[Historical Events]
neutering,[Music]
sailcloth,[Animals;Books]
tutorial's,[Books;Movies]
propose,[Books;Animals;Technology]
temporaries,[Technology;Famous People]
westerner,[Food & Drink]
mingles,[Movies;Historical Events;Sports]
nautilus's,[Music;Historical Events;Animals]
breaches,[Animals;Technology]
dank,[Animals]
overpower,[Animals;Famous People;Music]
Martinique's,[Movies]
kowtow,[Sports]
massive,[Sports;Countries;Music]
debenture's,[Famous People;Famous People;Animals]
philosophies,[Famous People]
UT,[Food & Drink;Food & Drink;Music]
entitling,[Movies;Technology]
Amsterdam,[Historical Events]
Noe's,[Historical Events]
Torvalds,[Food & Drink;Famous People;Movies]
counterpane,[Countries;Food & Drink;Food & Drink]
solicits,[Movies]
Moroccan,[Music;Famous People]
Sindbad's,[Music;Technology]
tooted,[Countries]
coccyx's,[Technology]
smothered,[Historical Events;Famous People]
irretrievable,[Food & Drink;Historical Events;Animals]
humanitarian,[Music;Famous People]
louvre,[Historical Events;Historical Events]
suspected,[Technology]
cooperates,[Technology;Music]
garner,[Books]
windscreen,[Food & Drink]
sheathings,[Sports]
Nembutal,[Books;Music]
horticulturist's,[Food & Drink]
contentiously,[Movies;Famous People]
fortifies,[Music;Countries]
Robles,[Countries;Technology]
antitoxin's,[Technology]
Josie,[Animals;Technology;Sports]
uncleanest,[Historical Events]
zero,[Famous People;Food & Drink;Technology]
fanciness,[Animals;Countries]
disadvantages,[Music;Technology;Sports]
bantering,[Music]
objectivity,[Food & Drink;Sports;Books]
Buchwald's,[Sports]
jounce,[Technology]
demonstration,[Animals;Famous People;Movies]
bounciest,[Books]
skywriters,[Historical Events]
felt's,[Countries;Movies;Food & Drink]
parcel,[Technology]
brute,[Historical Events;Historical Events;Books]
sorry,[Movies;Famous People;Famous People]
demagnetization,[Technology;Countries]
loader's,[Music;Technology;Books]
degraded,[Music;Historical Events;Books]
Moe,[Books]
Maldives's,[Animals]
calibration,[Countries;Food & Drink;Food & Drink]
polity,[Historical Events;Books;Famous People]
teetotaller,[Food & Drink;Books;Sports]
vindicators,[Countries;Historical Events]
Princeton's,[Countries;Technology]
Reed's,[Animals;Countries]
brakemen,[Movies;Technology;Countries]
staggers,[Movies;Books;Food & Drink]
iridescent,[Food & Drink]
hippo's,[Music]
Shana's,[Countries;Movies;Sports]
seaplane's,[Music]
villager's,[Sports;Animals;Animals]
Pearl's,[Books]
conundrum,[Music]
cot,[Sports;Famous People]
nicknacks,[Countries]
discontinuance's,[Historical Events;Famous People]
slum's,[Animals]
outlooks,[Technology;Historical Events]
captaincy,[Books;Music;Music]
epicurean's,[Technology;Historical Events]
incoherence's,[Historical Events;Movies]
trapeze's,[Countries]
professorial,[Animals;Animals]
dotting,[Historical Events;Music;Famous People]
pillage,[Food & Drink;Animals]
outflank,[Technology]
closeting,[Animals;Animals]
Ali,[Music]
stallions,[Music]
utopias,[Technology;Technology]
rancorous,[Famous People;Music]
resuscitates,[Sports]
Tomsk,[Animals;Sports]
shallot's,[Historical Events;Historical Events]
sod's,[Music;Countries;Famous People]
joins,[Food & Drink]
Pauli's,[Movies;Famous People;Books]
shaky,[Movies;Technology;Books]
WTO,[Books;Music;Famous People]
haemorrhage's,[Music;Sports]
hokum's,[Animals]
banditry's,[Famous People;Movies]
meta,[Books;Music]
positives,[Food & Drink]
iodize,[Sports;Famous People]
raffle,[Movies;Countries;Animals]
pitted,[Food & Drink;Books]
cruller,[Food & Drink;Movies;Animals]
cootie's,[Food & Drink;Technology;Music]
penlites,[Movies;Famous People]
asphalt's,[Technology;Sports;Countries]
weeknight's,[Sports;Food & Drink;Sports]
platinum,[Countries;Historical Events]
stagger,[Famous People;Movies;Food & Drink]
diking,[Historical Events;Historical Events;Music]
tuberculosis,[Animals;Animals]
selection's,[Sports;Music;Animals]
toothpick's,[Food & Drink]
pall,[Famous People;Music]
hibernated,[Music;Sports;Books]
lingoes,[Music;Food & Drink;Sports]
sorter's,[Sports]
Christine,[Movies;Movies;Sports]
legacy's,[Famous People;Food & Drink;Music]
Nigeria's,[Music;Food & Drink;Sports]
impenitence,[Music;Movies]
split's,[Countries]
Ron,[Famous People;Sports;Music]
Atahualpa's,[Books]
dactylic,[Food & Drink;Technology;Animals]
feuded,[Technology;Music]
dickered,[Animals;Music]
sterner,[Books]
vinaigrette's,[Food & Drink;Historical Events]
kowtow's,[Music;Books;Food & Drink]
Maj,[Food & Drink;Food & Drink;Technology]
wholeness,[Countries;Books]
Dickens,[Technology;Movies]
foolhardiness,[Animals;Books]
shampoo,[Books;Sports]
disgracing,[Movies;Famous People]
invoice's,[Historical Events]
digestions,[Technology;Technology]
chugged,[Sports]
shrivelled,[Animals;Famous People;Books]
ginger's,[Books;Famous People]
immure,[Movies;Countries]
prophylaxis's,[Countries]
muckiest,[Books]
sanding,[Famous People]
longitudinally,[Books;Animals]
harridans,[Movies]
important,[Books]
conjuncture,[Famous People;Historical Events]
probables,[Famous People;Technology]
Wilfredo's,[Historical Events;Technology]
scoreless,[Music;Famous People;Historical Events]
syntactically,[Historical Events]
hightailed,[Food & Drink]
Sarto,[Historical Events;Technology]
Polaris's,[Sports]
charring,[Music;Food & Drink]
parfait,[Historical Events;Music;Countries]
subsumed,[Sports;Countries;Movies]
executor,[Technology;Music]
wryer,[Food & Drink]
preteen's,[Historical Events;Sports;Animals]
nightlife's,[Books]
acrimony,[Countries]
taco,[Animals]
channels,[Animals;Sports]
remainder's,[Sports;Food & Drink]
LP,[Food & Drink;Technology]
mansions,[Historical Events]
fuddle,[Technology;Countries]
Austria,[Movies;Technology]
mead's,[Animals]
matriarch's,[Sports;Music;Countries]
retinal,[Movies]
toothpaste,[Music]
turns,[Sports;Books]
Yoko,[Countries;Famous People;Music]
hurricane,[Music;Books]
professionalism's,[Sports;Animals]
Alaskan,[Countries;Books]
controverted,[Animals]
psych,[Books;Books]
hundredfold,[Historical Events]
mitts,[Food & Drink]
collude,[Technology]
elusively,[Sports;Sports]
emaciated,[Animals]
escalations,[Food & Drink;Countries]
Washington's,[Music;Animals;Animals]
elevations,[Animals;Countries]
Scriptures,[Music;Movies;Music]
cote,[Books;Historical Events]
Duracell,[Food & Drink;Famous People;Countries]
ayatollah,[Music;Animals]
pizzicatos,[Books;Historical Events]
tense's,[Countries;Sports]
haziest,[Movies;Books;Technology]
firstly,[Sports;Movies;Music]
fakirs,[Technology]
warrantying,[Countries]
deicing,[Food & Drink;Music;Movies]
hairiest,[Food & Drink]
creamer's,[Technology]
primped,[Books;Historical Events;Food & Drink]
Morphy's,[Food & Drink]
recognition,[Historical Events;Sports;Music]
sectioned,[Famous People]
Tunisia,[Animals;Famous People]
worded,[Famous People;Books;Music]
styli,[Historical Events;Music]
exploit,[Books;Sports;Music]
bobby's,[Animals]
brinks,[Food & Drink;Books]
trembles,[Technology;Historical Events]
outlaw's,[Famous People;Technology]
chubbiest,[Animals;Animals;Technology]
savaged,[Famous People;Historical Events;Movies]
picnic's,[Technology;Food & Drink]
fearfully,[Music]
clasps,[Technology;Music;Historical Events]
sics,[Historical Events]
nape's,[Animals;Music]
soonest,[Technology;Countries]
pectin's,[Books]
biplane's,[Movies;Famous People;Famous People]
tamped,[Food & Drink]
gloried,[Famous People;Countries;Sports]
phantasying,[Books;Famous People;Sports]
sculptures,[Sports;Technology]
Kent's,[Countries]
VoIP,[Food & Drink]
snakebite,[Sports;Movies]
angora's,[Technology]
select,[Countries]
Franck's,[Food & Drink;Famous People;Sports]
India's,[Historical Events;Books;Famous People]
kiddoes,[Sports;Famous People;Movies]
mayor,[Historical Events;Books;Music]
cockfight,[Music;Famous People;Technology]
muesli,[Historical Events]
inversely,[Movies;Food & Drink;Animals]
holdup's,[Animals;Food & Drink]
latch,[Music;Movies;Famous People]
ornithology's,[Books]
spud's,[Historical Events;Books;Technology]
pepperoni's,[Animals;Sports;Technology]
bandoleer's,[Technology]
dick,[Food & Drink;Movies]
crab's,[Historical Events;Food & Drink;Movies]
hobnails,[Technology]
windiness's,[Countries;Music;Countries]
K,[Movies;Animals]
concocted,[Sports;Food & Drink;Sports]
overboard,[Countries;Movies]
stoke,[Historical Events;Animals;Movies]
lifeboat's,[Food & Drink]
bud's,[Movies]
rules,[Sports;Animals]
nosiness's,[Movies]
Nelsen,[Movies;Famous People]
novelist's,[Animals]
decry,[Historical Events;Historical Events]
ferment,[Food & Drink;Sports;Music]
feting,[Animals;Movies]
riverbed,[Movies;Animals]
dyer,[Books]
pleader's,[Food & Drink;Technology]
outbalances,[Famous People]
silent's,[Books]
Tuesday,[Books;Animals;Music]
gardening's,[Sports;Historical Events]
philistines,[Technology;Food & Drink;Famous People]
friend,[Animals;Animals]
Christian's,[Countries]
congregate,[Famous People;Technology;Movies]
chlorophyll's,[Technology;Movies]
refutation,[Famous People;Historical Events]
Spartan's,[Food & Drink]
shrugging,[Famous People;Sports]
madness,[Technology;Technology;Animals]
epaulets,[Countries;Movies]
planners,[Movies;Countries;Technology]
deceleration's,[Famous People;Animals]
obscure,[Movies]
diminution's,[Movies;Movies;Music]
aficionados,[Historical Events]
spiritual,[Movies;Music]
armrest's,[Technology]
retry,[Animals]
fighter's,[Sports]
versatility's,[Technology;Sports]
dainties,[Movies;Animals;Movies]
bayou,[Movies;Historical Events;Technology]
Reuther's,[Books;Food & Drink]
saviours,[Books;Historical Events]
raped,[Technology]
hijacking's,[Historical Events;Famous People]
foreground's,[Famous People;Countries]
cilium,[Food & Drink;Food & Drink]
overstuffed,[Music;Historical Events;Countries]
outweighed,[Technology;Books]
paperhangers,[Sports;Movies;Music]
faradized,[Food & Drink;Countries;Technology]
die's,[Food & Drink]
strived,[Historical Events]
dropping,[Food & Drink]
presently,[Books]
fortresses,[Music;Famous People;Technology]
birdwatchers,[Sports;Technology]
fang's,[Food & Drink;Food & Drink;Technology]
standardization,[Famous People]
Huggins's,[Historical Events;Food & Drink]
skyed,[Movies;Music;Countries]
megalomaniacs,[Historical Events;Movies]
barf,[Countries;Animals;Food & Drink]
upscale,[Historical Events;Historical Events;Technology]
unloads,[Music]
legalistic,[Music;Countries]
broker,[Movies;Movies;Animals]
gladioluses,[Countries]
rusted,[Sports;Music;Books]
fetishist,[Countries;Countries]
hamstrung,[Countries;Historical Events]
tunefully,[Technology]
comparative,[Books]
Internet,[Food & Drink;Food & Drink;Famous People]
imagined,[Food & Drink;Music]
thimble's,[Animals;Movies]
accounting's,[Movies]
miscarriage's,[Movies;Technology]
oceanic,[Technology;Famous People;Famous People]
soon,[Music;Technology]
depositor,[Sports]
resumptions,[Famous People;Historical Events;Food & Drink]
oxford's,[Music]
mackinaw,[Famous People;Animals]
cognacs,[Books]
linefeed,[Historical Events]
Zephaniah,[Music]
epilepsy's,[Books]
reinvent,[Sports;Food & Drink]
citizen,[Technology;Movies]
restorer's,[Famous People]
Underwood's,[Food & Drink]
sporadic,[Famous People;Food & Drink]
puffin,[Music;Technology]
Soyuz's,[Animals;Sports;Famous People]
propels,[Countries;Famous People;Books]
derived,[Famous People;Sports]
yrs,[Sports;Animals;Countries]
chemically,[Books;Books]
mothball's,[Food & Drink;Animals]
miniature,[Animals;Technology]
Rosendo,[Food & Drink]
beam,[Sports;Technology;Historical Events]
gentility,[Music]
equates,[Technology;Countries]
cravat,[Music;Movies]
shadowed,[Countries;Historical Events]
quondam,[Movies]
layout's,[Music;Technology]
substandard,[Music;Movies;Famous People]
extricate,[Music;Countries;Music]
cyclonic,[Famous People;Countries;Music]
addressee,[Technology;Countries]
classifying,[Music]
compromising,[Books;Sports]
lettering,[Countries;Sports;Historical Events]
Grenadines,[Historical Events]
beakers,[Books;Food & Drink]
shiftier,[Technology;Music]
uneasier,[Food & Drink;Sports;Books]
sized,[Technology;Music]
Auden's,[Historical Events]
slacken,[Countries;Books]
anthropology,[Technology;Animals]
stumping,[Historical Events;Countries]
Fay,[Famous People;Animals]
electroencephalogram,[Sports;Movies;Technology]
veterinarian,[Sports;Food & Drink;Countries]
diminutions,[Animals;Books;Movies]
cussing,[Historical Events]
oilcloth,[Sports;Countries]
homer's,[Movies;Animals;Sports]
starves,[Books;Movies]
unreadable,[Movies]
rotated,[Food & Drink;Music]
slayer's,[Countries;Countries]
Romano's,[Countries]
bowmen,[Books;Books]
puritanical,[Animals;Technology]
Doppler's,[Famous People]
pullbacks,[Animals;Food & Drink;Movies]
MasterCard's,[Books;Historical Events;Famous People]
fetid,[Sports;Food & Drink;Technology]
alarmingly,[Animals]
trinkets,[Books;Books;Famous People]
unworldly,[Music]
confirmation's,[Movies;Books]
Louisianan,[Food & Drink;Historical Events]
derails,[Food & Drink;Books;Technology]
typography's,[Sports;Famous People;Food & Drink]
patina,[Animals]
prosaic,[Food & Drink]
unbound,[Food & Drink;Sports]
sloth's,[Music;Countries;Famous People]
demised,[Animals]
sovereignty,[Animals]
probationers,[Famous People]
centurions,[Historical Events;Books]
Meadows's,[Historical Events;Sports;Famous People]
procreation's,[Movies]
cadges,[Countries]
Anubis,[Technology]
obtusest,[Food & Drink;Sports]
restores,[Books;Countries]
snowshoeing,[Movies;Movies]
saddening,[Countries;Famous People;Books]
bring,[Animals;Movies;Movies]
Tennessee's,[Historical Events;Historical Events]
freehold,[Animals]
Episcopalians,[Music;Animals;Animals]
yip,[Famous People;Food & Drink;Sports]
scriptwriter,[Food & Drink;Movies]
Voldemort,[Sports;Animals;Books]
Punch,[Famous People;Sports]
concentric,[Countries;Movies]
silence,[Countries;Countries;Movies]
sergeant,[Countries;Music]
disclaimer's,[Music]
smokehouses,[Historical Events;Technology]
Hinayana,[Technology;Famous People;Music]
leafing,[Famous People;Books]
peroxide's,[Animals;Historical Events]
textbook's,[Books]
pen's,[Movies;Food & Drink;Countries]
downtown,[Music;Music]
imitation's,[Sports;Music]
anemia,[Countries;Technology]
Jamel,[Historical Events;Books]
pantheons,[Sports;Countries;Movies]
scrambles,[Music;Famous People]
belt's,[Historical Events]
principal,[Countries;Food & Drink;Sports]
readiest,[Technology;Historical Events]
spate,[Movies;Sports;Famous People]
Donatello,[Technology;Famous People]
grinds,[Books;Movies]
Dianna,[Sports]
Pickett,[Books;Famous People;Music]
Ecuadorian's,[Books;Countries]
pediatric,[Countries;Music]
projectors,[Animals;Sports]
Q,[Animals;Food & Drink;Animals]
dusted,[Technology;Books]
Microsoft,[Animals;Countries]
vi,[Technology;Movies;Technology]
exchequers,[Animals;Food & Drink]
connotation's,[Movies;Countries;Food & Drink]
Dirk,[Food & Drink]
sustenance's,[Sports;Food & Drink]
gladder,[Sports;Famous People;Books]
toast,[Movies]
washboard,[Technology;Books]
portend,[Historical Events;Music]
gain's,[Animals;Food & Drink;Books]
quadrupeds,[Books;Famous People]
fizzle,[Sports;Books]
betroth,[Sports;Movies;Famous People]
mustered,[Food & Drink]
newsstand,[Countries;Countries;Technology]
inquired,[Movies;Countries]
triumvirates,[Food & Drink]
greenbacks,[Food & Drink;Sports;Technology]
India's,[Countries;Technology;Famous People]
furriest,[Music;Books]
Gunther,[Animals;Animals]
buttons,[Technology]
infringed,[Historical Events]
foetal,[Technology;Animals]
cosmetologist's,[Books;Countries]
delineating,[Animals;Animals]
Soyuz,[Countries]
engender,[Countries;Technology]
semicircle's,[Famous People]
element,[Famous People]
signals,[Historical Events]
eyetooth's,[Movies;Countries]
USSR,[Food & Drink;Animals;Famous People]
repertoires,[Food & Drink;Famous People;Food & Drink]
aunt,[Animals;Movies]
listing's,[Movies]
inoffensively,[Books]
pamphlets,[Countries;Books]
Koizumi's,[Animals;Movies]
Hampshire,[Famous People]
Contreras's,[Animals]
truckload,[Movies]
inoculation's,[Books]
survival,[Food & Drink]
Turgenev's,[Movies;Movies]
fantastic,[Technology]
giddy,[Famous People;Historical Events]
branched,[Music]
bushes,[Famous People]
helping,[Technology;Sports]
erythrocyte's,[Famous People;Famous People;Movies]
gunman's,[Technology;Countries;Technology]
unionization,[Movies;Famous People]
servers,[Famous People;Technology;Animals]
delegation's,[Music]
Nanchang,[Books;Famous People]
Cameroons,[Famous People]
generics,[Music]
cutoff,[Animals;Countries]
likest,[Famous People;Historical Events]
inanity,[Food & Drink;Countries;Music]
renege,[Movies;Movies;Food & Drink]
cirrhosis's,[Countries;Music;Famous People]
typhus's,[Animals]
overconfident,[Books;Sports;Animals]
annealed,[Countries;Famous People]
preregistration,[Music;Sports]
serenading,[Food & Drink;Sports]
gobs,[Music;Famous People]
handcrafted,[Music;Famous People;Food & Drink]
reconquering,[Food & Drink;Famous People;Historical Events]
wrath,[Historical Events;Historical Events;Sports]
streptococcus,[Countries;Animals]
remembrance's,[Music;Animals]
provost,[Sports]
Thursday,[Famous People;Famous People]
sass's,[Movies;Sports;Famous People]
scurfy,[Technology]
interstate,[Music]
Verona's,[Sports;Music;Technology]
centrefolds,[Music]
adjudicate,[Food & Drink;Music;Movies]
warning's,[Music]
farts,[Books;Animals;Sports]
turquoise's,[Books;Sports]
deepfake's,[Music;Technology]
uncivil,[Animals;Food & Drink]
Damian,[Famous People;Famous People;Music]
lascivious,[Countries]
rambled,[Famous People;Countries]
Virgie,[Food & Drink]
slough's,[Famous People;Historical Events]
Delawarean,[Animals;Music;Famous People]
wafer's,[Technology]
gore's,[Historical Events;Countries;Animals]
Zulu,[Countries]
backside's,[Music;Technology]
rekindled,[Countries;Music]
persecute,[Technology;Music]
headset's,[Sports]
groin,[Famous People]
objective's,[Books]
Dyer's,[Historical Events;Movies]
Sadat,[Animals;Movies]
brainchildren,[Famous People]
pinnacles,[Countries;Music]
heroin,[Historical Events;Historical Events]
racquet's,[Food & Drink;Music]
binding's,[Historical Events;Animals]
datum,[Books;Animals]
starchy,[Animals;Famous People;Animals]
consignment's,[Animals]
incisor's,[Books;Famous People;Books]
bespeak,[Famous People]
reported,[Food & Drink;Technology;Technology]
souse,[Animals;Countries;Historical Events]
Nash's,[Books;Food & Drink]
drapery's,[Animals;Countries]
cued,[Animals;Historical Events;Technology]
oratory,[Music;Historical Events;Animals]
comparing,[Technology]
Lyman's,[Movies;Historical Events;Historical Events]
scampered,[Historical Events;Countries]
dike,[Famous People;Books;Countries]
bedecked,[Movies;Famous People;Historical Events]
copra's,[Food & Drink]
Cronin's,[Movies]
pictures,[Famous People]
gaoled,[Sports;Historical Events;Famous People]
wipes,[Famous People;Food & Drink;Movies]
cirrus's,[Historical Events;Food & Drink]
rebounding,[Technology]
blights,[Historical Events]
dredge,[Books;Famous People;Music]
fizzle,[Books;Food & Drink;Sports]
curator's,[Food & Drink;Technology;Food & Drink]
unlock,[Technology]
moocher,[Movies]
clause,[Movies;Historical Events]
mistrust's,[Books]
Paley's,[Historical Events;Technology]
legislation's,[Countries;Animals;Sports]
vivisection,[Animals;Technology]
pounds,[Technology;Famous People;Historical Events]
Ripley,[Countries]
reprimand,[Historical Events;Countries;Music]
Milosevic,[Movies]
trademarked,[Sports;Music]
crinkle's,[Sports]
foundlings,[Famous People;Sports]
Betelgeuse's,[Countries]
helpmeet,[Movies;Animals;Countries]
Charbray's,[Animals;Books]
unspecified,[Historical Events]
vulcanization's,[Sports;Animals;Countries]
unconvincing,[Food & Drink;Countries;Animals]
sheep's,[Animals;Sports]
fare's,[Movies;Movies]
moistening,[Movies;Music]
sowed,[Sports]
cookery,[Famous People;Sports]
slowpokes,[Famous People]
battered,[Technology;Animals;Famous People]
pasta,[Food & Drink;Technology]
carrots,[Animals;Technology]
agreeing,[Sports;Books]
running,[Famous People;Music;Movies]
overdress,[Movies;Historical Events;Historical Events]
nurturing,[Animals]
thrash's,[Animals;Animals]
atonement,[Technology;Music]
Sundanese's,[Movies;Historical Events;Countries]
disputant's,[Sports]
spelunkers,[Food & Drink]
piggybacks,[Food & Drink;Technology]
sexless,[Music;Movies]
refuelled,[Music;Food & Drink;Technology]
disapproving,[Books;Sports;Technology]
pee,[Movies]
Alec,[Music;Books]
tenon,[Technology;Countries;Music]
petite's,[Sports;Countries]
pleasured,[Animals]
darken,[Music]
philanthropist's,[Sports]
Baldwin's,[Historical Events;Books]
terns,[Music]
angleworms,[Movies;Animals]
flexes,[Technology]
RTFM,[Historical Events;Movies]
extroversion,[Food & Drink;Famous People;Music]
husky's,[Food & Drink;Historical Events]
throws,[Movies]
lucked,[Famous People;Food & Drink]
madness's,[Sports;Movies]
wackiness's,[Animals;Famous People;Movies]
liner,[Sports;Historical Events]
harlequin,[Books;Sports;Books]
compromised,[Food & Drink;Food & Drink;Countries]
Taylor,[Music;Movies;Countries]
unlatch,[Music]
Odin's,[Famous People]
parachutists,[Famous People]
miniatures,[Technology;Technology;Sports]
Spenser,[Famous People;Technology;Historical Events]
nit,[Books;Historical Events]
Curry,[Sports;Technology;Animals]
failings,[Sports;Music;Movies]
informers,[Famous People;Famous People]
coordinator,[Animals;Technology]
Hall's,[Music;Animals]
Almohad's,[Technology]
Wu,[Food & Drink;Animals;Movies]
flashbulbs,[Movies;Historical Events;Books]
freewheeled,[Technology]
damp,[Sports;Countries;Books]
japanning,[Sports]
jugglers,[Animals;Food & Drink]
rummer,[Famous People;Historical Events]
promotion,[Famous People;Books]
mimics,[Sports]
manipulated,[Technology]
octane's,[Historical Events;Historical Events;Famous People]
Laos's,[Technology;Food & Drink;Animals]
amnesia's,[Technology]
firebombs,[Countries;Animals]
homesteaders,[Food & Drink;Famous People]
thrifts,[Movies;Sports;Technology]
Bloomfield,[Technology;Technology]
rattrap's,[Technology;Sports]
pointlessly,[Famous People;Sports;Historical Events]
breath,[Movies]
bypasses,[Historical Events;Famous People]
prototyping,[Movies;Sports]
negotiable,[Food & Drink]
Cameron's,[Music;Sports]
parenthetical,[Music;Movies;Countries]
antiquary,[Countries;Countries;Books]
officiate,[Technology;Movies;Books]
steamrollers,[Sports]
leech's,[Technology;Famous People]
glower,[Animals;Historical Events]
consortium's,[Famous People;Food & Drink;Historical Events]
transistors,[Movies]
uncoil,[Movies;Technology;Movies]
redistribution,[Sports]
industrialism's,[Movies]
elegies,[Animals]
buckboard's,[Historical Events]
disproved,[Food & Drink]
utilization,[Animals;Books;Books]
neighbourly,[Music]
lyricist,[Food & Drink;Sports;Animals]
Marcia's,[Famous People;Food & Drink]
thirstiest,[Technology]
swimsuit,[Food & Drink;Historical Events]
schoolroom's,[Animals;Famous People;Technology]
gelatine's,[Music]
hole's,[Famous People]
uppercase's,[Movies]
emanating,[Technology]
endeared,[Animals;Technology;Music]
headhunter's,[Famous People;Books;Books]
sinking,[Historical Events]
Charlottetown's,[Food & Drink;Technology]
muckrakers,[Technology]
Sep,[Animals;Famous People;Animals]
lob's,[Food & Drink]
Millay,[Music;Food & Drink]
scared,[Movies;Animals;Animals]
theta,[Music]
stopwatches,[Books]
catalogue's,[Animals;Animals]
whitening,[Historical Events]
Constable,[Animals;Historical Events]
Bessel,[Historical Events;Sports]
tribunal's,[Books]
officeholders,[Countries;Animals;Movies]
resoundingly,[Food & Drink;Animals]
Lisa's,[Sports;Technology;Historical Events]
Unixes,[Movies;Sports;Music]
Whitsunday's,[Famous People]
killed,[Animals;Historical Events;Food & Drink]
Latina,[Countries;Technology]
Alabama's,[Movies;Music;Famous People]
owned,[Sports;Historical Events]
alga's,[Animals;Countries]
ladyfinger,[Countries]
coating's,[Animals;Music]
compassion's,[Books]
untouchables,[Books;Animals]
Nahuatl,[Books;Books]
lints,[Technology]
balsam's,[Movies;Music]
Manchester,[Music]
bunion,[Famous People;Famous People]
Adenauer,[Countries;Music]
vigorous,[Food & Drink;Countries]
unobservant,[Countries]
wriggled,[Movies;Famous People;Sports]
Barbados,[Food & Drink]
Quechua's,[Food & Drink;Food & Drink;Famous People]
niggardliness's,[Books;Historical Events]
disaffecting,[Books;Food & Drink]
converting,[Movies;Music;Books]
milepost's,[Food & Drink]
involve,[Music;Famous People;Famous People]
exhale,[Books;Food & Drink]
papoose,[Countries;Historical Events;Sports]
Zyuganov's,[Music]
mainsprings,[Music]
harasses,[Famous People;Sports]
Bumppo's,[Sports]
mason's,[Animals;Sports;Books]
bulkier,[Historical Events;Food & Drink]
wassails,[Books;Movies;Countries]
cheesy,[Technology]
Bridalveil,[Famous People;Animals;Technology]
Siberia,[Movies;Technology;Historical Events]
monkeying,[Movies]
Murmansk's,[Animals;Countries]
vast,[Books;Music]
Guinea,[Countries;Historical Events;Books]
mistiest,[Countries]
Deana's,[Animals;Books]
noticeable,[Technology]
knocker,[Countries;Countries]
dyers,[Countries;Historical Events;Technology]
Orbison's,[Animals;Books]
enslaved,[Animals;Music;Animals]
morticing,[Countries;Books;Movies]
comparatives,[Sports;Movies;Food & Drink]
schoolboy's,[Technology;Books;Famous People]
housework,[Famous People;Movies;Famous People]
unexpected,[Sports;Sports]
Stanton's,[Books;Food & Drink]
weakened,[Famous People;Movies]
awfulness,[Famous People;Technology]
bootblacks,[Famous People;Animals]
extruding,[Animals;Animals;Technology]
facial's,[Books;Books;Animals]
loiterer's,[Famous People;Books]
thrasher,[Food & Drink;Books;Countries]
inaudibly,[Books]
Yeager,[Technology;Music;Animals]
enthusiasms,[Famous People;Sports]
Murphy's,[Famous People;Music]
sevens,[Technology;Books;Historical Events]
jargon's,[Music;Countries]
impropriety,[Countries;Sports;Food & Drink]
hijackings,[Music;Animals;Technology]
Bhutan's,[Famous People]
femoral,[Historical Events;Historical Events;Music]
potentates,[Movies;Food & Drink;Animals]
barbecuing,[Books]
drouth's,[Historical Events;Famous People;Animals]
conga,[Movies]
sextets,[Music;Food & Drink]
nosebleeds,[Animals;Music]
truckling,[Books;Food & Drink;Movies]
hub's,[Books;Music]
possessive,[Books;Animals]
faxed,[Music]
Copeland's,[Technology]
keg,[Movies]
absinthe,[Sports;Animals;Famous People]
MIA,[Books;Movies;Historical Events]
strikeouts,[Famous People;Countries;Countries]
hilarity's,[Famous People]
bathrooms,[Famous People;Historical Events;Historical Events]
irony,[Animals;Technology]
uplift,[Technology;Countries]
dwindles,[Books]
sealing,[Music]
isolationism,[Famous People]
Mike,[Technology;Movies;Food & Drink]
dillydallying,[Famous People]
macintosh,[Sports;Historical Events;Countries]
Karroo's,[Sports]
concoction's,[Countries]
blockbusters,[Food & Drink;Music;Animals]
sailor's,[Food & Drink;Famous People;Famous People]
ecclesiastical,[Animals;Animals]
emus,[Famous People;Famous People;Music]
vesper's,[Food & Drink]
hearten,[Music]
anticlimactic,[Historical Events;Technology;Books]
slow,[Books;Countries;Famous People]
Yosemite's,[Books;Movies]
nuclei,[Historical Events]
revalue,[Sports;Books;Books]
opulent,[Technology]
aptness's,[Movies;Technology;Countries]
anarchic,[Movies;Historical Events;Countries]
workmen,[Food & Drink;Historical Events]
counterpoints,[Movies;Books]
Knopf,[Music]
jiggered,[Historical Events;Movies]
toady,[Animals]
flunked,[Sports;Music]
canine,[Sports;Countries;Sports]
liquid's,[Movies]
diagnosed,[Music]
novices,[Music;Music;Countries]
officiating,[Sports;Famous People;Books]
merrymaking,[Technology]
Jayson's,[Movies;Sports;Food & Drink]
contemplative,[Animals;Technology]
weeded,[Books;Movies;Countries]
quieter,[Historical Events;Food & Drink]
lemming's,[Historical Events;Sports;Food & Drink]
snugged,[Sports;Famous People;Famous People]
disputed,[Technology]
Genoa,[Historical Events;Animals]
ejecting,[Technology;Movies]
plastered,[Technology;Animals]
stories,[Movies;Historical Events;Animals]
whiten,[Music]
Ladoga's,[Famous People;Famous People;Famous People]
pipeline,[Technology;Countries;Sports]
racketeering's,[Countries;Animals;Historical Events]
Alzheimer's,[Technology]
Colombian,[Technology;Animals]
Southwests,[Books;Music;Technology]
immature,[Famous People;Animals;Countries]
bedtimes,[Food & Drink;Music;Countries]
clematis's,[Animals;Books]
sag's,[Historical Events;Famous People;Technology]
correspondent,[Countries]
Plantagenet's,[Technology]
rewind's,[Animals;Countries]
unicorns,[Famous People;Technology]
deniability,[Food & Drink;Countries]
come's,[Countries;Famous People]
chunkiest,[Animals;Technology]
inference,[Countries;Sports;Food & Drink]
smartly,[Historical Events;Music;Famous People]
witching,[Music;Sports;Books]
lukewarm,[Sports]
extinctions,[Countries;Technology]
Bohr's,[Technology;Music;Music]
plush,[Countries;Famous People]
obligates,[Countries;Technology]
Keenan's,[Famous People;Technology]
speck's,[Famous People;Books;Books]
powerless,[Books]
Xuzhou,[Countries;Books]
heartless,[Books;Music]
backlash's,[Music;Movies]
transacts,[Movies;Countries]
chlorofluorocarbon's,[Books]
Valvoline's,[Movies]
cablecasted,[Historical Events]
clichéd,[Food & Drink;Technology;Movies]
logrolling's,[Historical Events;Sports;Movies]
Freemason's,[Music]
Hausdorff's,[Animals;Famous People]
Rosendo,[Famous People]
sodding,[Sports;Books;Music]
yummier,[Technology]
clientèle's,[Animals;Music;Food & Drink]
Clouseau's,[Movies;Countries]
adhering,[Animals]
wraiths,[Technology;Famous People]
flap,[Animals]
briar,[Sports;Animals;Music]
longings,[Food & Drink]
connective,[Sports]
conjugal,[Historical Events;Technology;Music]
spark's,[Countries]
Natalia's,[Books;Animals;Food & Drink]
earl's,[Movies]
raising,[Historical Events;Books]
Valenzuela's,[Historical Events]
twelves,[Sports;Animals]
Emmanuel,[Countries;Countries;Food & Drink]
internationalize,[Food & Drink]
powers,[Food & Drink]
victimization's,[Music]
nonplusing,[Animals;Food & Drink;Music]
tonalities,[Animals;Historical Events]
reverses,[Movies;Food & Drink]
invidious,[Famous People;Movies;Music]
reproved,[Sports;Technology;Sports]
incrustation,[Famous People;Animals]
frights,[Animals;Animals]
Elwood,[Books;Food & Drink;Famous People]
twofer's,[Books;Food & Drink;Famous People]
swank's,[Books;Books]
everybody,[Movies;Famous People]
chemicals,[Food & Drink]
thumbing,[Historical Events;Books]
amputee,[Famous People;Music]
likeness's,[Movies;Music]
southwesters,[Technology;Sports]
shrift,[Animals;Historical Events]
gamekeepers,[Sports]
obsessively,[Countries;Animals]
indescribably,[Books;Movies]
liberation,[Famous People;Animals]
Ottoman,[Animals;Animals]
crisping,[Historical Events;Technology]
bestial,[Food & Drink;Technology;Movies]
riles,[Books]
Borgs,[Movies;Countries;Food & Drink]
artisan,[Famous People;Food & Drink]
dérailleur's,[Food & Drink;Books;Historical Events]
heiress's,[Historical Events;Books]
pressman's,[Historical Events]
brigantine's,[Famous People;Historical Events;Sports]
stabler,[Historical Events;Music]
spurs,[Technology]
chieftain's,[Music;Technology]
raindrop,[Movies;Movies;Movies]
medullae,[Historical Events]
charting,[Food & Drink;Technology;Movies]
Baathist,[Famous People;Sports]
breakfasting,[Music;Technology]
cornmeal's,[Movies]
Maytag,[Food & Drink;Technology]
discernment's,[Food & Drink;Books;Movies]
tab's,[Sports;Books;Famous People]
Jay's,[Historical Events]
conquests,[Countries]
militia's,[Historical Events;Animals]
porterhouse's,[Books]
filings,[Food & Drink;Countries;Music]
chubbiness,[Historical Events;Music]
travelogue,[Movies;Sports;Music]
rhymes,[Famous People;Movies;Food & Drink]
flea's,[Historical Events]
ecru,[Historical Events;Music]
Sheba's,[Famous People;Movies]
Robinson,[Countries;Movies]
Crichton,[Technology;Famous People]
crudity's,[Technology]
spinoff,[Movies;Movies]
retardants,[Technology;Movies]
torments,[Music;Music]
forbear,[Animals]
adjustors,[Movies;Movies;Music]
proselyte,[Movies;Movies]
martian,[Movies;Sports;Technology]
plackets,[Technology;Books;Sports]
glassier,[Music]
shopping's,[Music;Technology;Books]
dieted,[Food & Drink;Movies;Famous People]
exploited,[Animals;Technology;Historical Events]
cosmetology's,[Sports;Countries]
cocaine's,[Famous People;Music;Books]
drinks,[Books;Historical Events;Books]
troika's,[Animals]
Hayes's,[Music]
allusive,[Movies;Historical Events;Food & Drink]
lowbrows,[Movies;Food & Drink]
Lucy's,[Books;Books;Animals]
radiologists,[Books;Famous People]
readjustment,[Food & Drink;Historical Events]
redefined,[Animals]
homemaker's,[Sports;Technology]
archetypes,[Countries;Animals;Food & Drink]
cleaved,[Movies;Movies;Movies]
smashed,[Books;Movies]
tidy,[Countries;Historical Events]
pretense's,[Books;Movies]
chits,[Books]
cigar,[Sports]
ravelled,[Technology;Movies;Technology]
thicket,[Animals;Music]
harbouring,[Animals]
goatskin,[Technology;Food & Drink]
downtrodden,[Animals;Books;Countries]
Stalinist's,[Music;Historical Events;Sports]
Britannic's,[Movies]
Aesop's,[Music]
join's,[Technology]
tarballs,[Books;Music;Animals]
skipper,[Famous People]
swivel,[Music]
porno,[Historical Events;Food & Drink]
rucksack,[Technology]
Yossarian,[Movies]
carpenters,[Famous People]
redhead,[Animals]
septettes,[Sports]
via,[Music;Food & Drink;Sports]
grimiest,[Food & Drink;Food & Drink]
preclusion's,[Technology]
Marathi,[Countries;Technology]
plaid,[Famous People;Sports]
affirms,[Movies;Sports]
living,[Sports;Sports;Famous People]
demilitarization's,[Famous People;Animals]
assays,[Books;Sports]
lambasted,[Movies;Famous People;Music]
VD's,[Sports]
barometer's,[Sports]
schoolmarm's,[Music]
lived,[Books;Food & Drink;Movies]
wounded,[Food & Drink;Food & Drink;Famous People]
Tsiolkovsky,[Music;Historical Events]
Hatfield,[Famous People;Sports]
disciplines,[Technology;Sports;Food & Drink]
equipoise,[Famous People]
alliteration's,[Books;Animals]
typewritten,[Famous People]
craning,[Movies]
oaten,[Animals;Books;Music]
perimeter's,[Historical Events;Countries;Technology]
dwarfed,[Countries]
raja's,[Countries;Historical Events]
councillor,[Sports]
skaters,[Music;Movies;Animals]
cahoot's,[Books;Historical Events]
rind,[Countries;Technology;Technology]
windiest,[Movies;Sports;Sports]
stiles,[Historical Events;Technology;Technology]
reward's,[Historical Events]
activist,[Food & Drink;Famous People]
shad,[Historical Events;Historical Events]
Scandinavian's,[Technology]
cloudburst's,[Food & Drink]
drinkings,[Sports;Music;Books]
dither,[Animals]
Elliot's,[Movies;Music;Technology]
Hebe's,[Countries;Food & Drink]
drudging,[Sports;Food & Drink;Books]
pillowed,[Famous People;Movies;Movies]
dealership's,[Historical Events;Food & Drink]
swallowtail,[Music;Sports]
palmistry's,[Technology;Sports]
lases,[Food & Drink;Historical Events]
dependant's,[Food & Drink;Countries;Animals]
urchin's,[Books;Food & Drink]
ganglia,[Famous People]
affinities,[Animals;Food & Drink]
strait's,[Historical Events;Food & Drink]
inebriate,[Technology;Sports]
irritated,[Sports;Music]
graciousness's,[Sports;Food & Drink;Famous People]
GED,[Books;Movies]
Daugherty's,[Food & Drink;Animals]
orphanages,[Music;Music]
pituitary's,[Movies]
baited,[Famous People]
Angelique's,[Countries]
Ouija,[Animals;Countries]
administering,[Books;Food & Drink;Famous People]
fascism's,[Movies;Food & Drink;Movies]
Bennett,[Technology;Historical Events]
pawpaws,[Countries;Countries;Books]
bovines,[Historical Events;Sports]
splurging,[Movies;Animals;Animals]
quoiting,[Historical Events;Sports]
hamstrung,[Movies;Countries]
Silas,[Animals;Countries;Movies]
Hausa,[Books]
lagoon,[Food & Drink;Books]
strikers,[Sports]
plateau,[Countries]
fracture's,[Music]
Samoyed's,[Historical Events]
narrative's,[Famous People;Movies]
Mackenzie's,[Countries;Animals]
caplet's,[Sports;Movies;Animals]
Tanganyika's,[Books]
congratulates,[Historical Events]
ironing,[Food & Drink;Movies]
debauch,[Technology]
stems,[Animals]
wimpier,[Movies]
vanity's,[Animals]
mistrusts,[Historical Events]
flaxen,[Animals;Movies;Music]
Dnieper's,[Music]
cheeriness's,[Sports;Books]
epithet's,[Food & Drink;Sports;Technology]
beta's,[Sports;Food & Drink]
placements,[Books]
wigwams,[Historical Events]
Falkland's,[Technology]
falsely,[Books]
squaw,[Music;Food & Drink;Technology]
sphincter,[Famous People;Movies;Movies]
buttonholed,[Technology;Countries]
Pena's,[Historical Events;Animals;Countries]
caterwauling,[Sports]
substations,[Sports]
attributives,[Historical Events]
cohabits,[Technology;Sports;Technology]
Alamo,[Books]
ails,[Countries]
Aquitaine's,[Music;Music;Sports]
sari,[Books;Books]
Pareto,[Historical Events;Food & Drink;Countries]
kiosk,[Sports;Music]
Moor,[Music;Food & Drink;Books]
felon,[Animals;Movies;Books]
discoverer's,[Animals;Countries;Historical Events]
bounces,[Technology;Sports;Animals]
bloodshed,[Countries;Food & Drink;Historical Events]
preschooler's,[Technology]
warped,[Books]
restraint,[Sports]
documentations,[Books;Technology;Technology]
mermaid,[Sports;Countries]
absorbent,[Animals;Movies;Movies]
Renoir,[Famous People]
Flanagan's,[Countries;Books]
generalization,[Music;Historical Events]
beached,[Technology]
inmate's,[Books;Technology]
tamarind,[Books;Historical Events;Animals]
smidge's,[Food & Drink;Sports]
rancour's,[Historical Events;Animals]
grunt's,[Historical Events]
decoy's,[Sports;Historical Events]
Capitol,[Sports;Music;Famous People]
convertible,[Animals;Animals]
odometer,[Books]
cinnabar,[Animals;Famous People;Historical Events]
cappuccino,[Animals;Technology]
calibrating,[Sports;Technology]
subpoenaing,[Books;Music]
IL,[Famous People]
jukebox's,[Famous People;Famous People]
suffragist's,[Animals]
toneless,[Countries;Sports]
repatriates,[Sports;Movies]
milkshakes,[Books;Technology]
hodgepodge's,[Animals;Food & Drink;Technology]
keypunching,[Animals;Books]
Alberio's,[Food & Drink;Animals]
forbid,[Music;Sports;Historical Events]
adrift,[Famous People]
ass,[Movies;Historical Events]
pessimism,[Books;Movies]
ready,[Books;Technology;Books]
Kalevala,[Food & Drink;Technology;Technology]
painlessly,[Animals;Countries;Music]
breathlessly,[Sports]
fairly,[Music;Technology]
busing,[Historical Events;Music;Movies]
smudgy,[Famous People;Sports]
reactivation's,[Animals]
overnight,[Historical Events;Countries;Animals]
Cathy's,[Books]
brokenhearted,[Technology]
grovels,[Books]
frothiest,[Food & Drink;Famous People;Food & Drink]
clergywoman's,[Historical Events;Famous People;Countries]
licking's,[Music;Famous People;Music]
refurnish,[Animals;Technology;Food & Drink]
wielding,[Countries;Sports;Famous People]
generality,[Movies]
violations,[Countries]
dodder,[Technology]
motivated,[Food & Drink;Books;Food & Drink]
suspends,[Historical Events;Books;Countries]
sundowns,[Books]
cooties,[Countries;Food & Drink;Animals]
platform,[Animals;Countries;Technology]
tastefully,[Sports;Countries;Historical Events]
YWHA,[Movies;Famous People;Technology]
scherzo,[Technology]
badness's,[Countries;Technology]
Kauai's,[Historical Events]
Frankel,[Animals;Countries]
ritualism,[Animals;Animals]
tars,[Animals;Movies;Food & Drink]
infantile,[Historical Events]
schism,[Technology;Food & Drink]
stethoscopes,[Books]
queer,[Technology]
nightmare's,[Countries;Movies;Food & Drink]
masticates,[Famous People]
terrifying,[Sports;Books]
Jeremiah's,[Technology;Countries]
stockyard's,[Food & Drink]
louver,[Books;Music]
carsickness,[Historical Events]
zestful,[Famous People]
Beaumont,[Technology;Technology]
haw's,[Countries;Movies;Historical Events]
swagged,[Music;Historical Events]
rapaciously,[Famous People;Technology;Animals]
Marjory,[Countries;Countries;Countries]
developer,[Sports]
screechiest,[Movies;Technology;Books]
tremolos,[Music;Food & Drink;Famous People]
xerographic,[Sports]
Creation,[Historical Events;Technology]
homiest,[Countries;Historical Events]
Grenoble,[Movies]
disdainfully,[Countries]
skillet's,[Sports]
churchman's,[Animals;Sports]
shifty,[Sports]
Corvette's,[Sports;Movies]
imperialism,[Famous People;Animals;Animals]
pledges,[Books]
arsonist,[Famous People;Food & Drink;Food & Drink]
Delmonico,[Food & Drink]
printout's,[Books]
wiliest,[Books;Animals]
Knesset's,[Historical Events;Animals;Historical Events]
bandannas,[Countries;Food & Drink;Historical Events]
commons,[Historical Events;Books]
come,[Animals;Music]
racquetballs,[Animals;Technology]
Vila's,[Food & Drink]
ulna's,[Food & Drink;Movies;Technology]
censorious,[Food & Drink]
angora,[Sports]
Hansen,[Food & Drink;Movies;Food & Drink]
yum,[Countries]
redeploy,[Famous People;Movies]
Acton,[Books]
fleece's,[Music]
tankful,[Famous People]
silicons,[Animals]
handicapping,[Technology;Sports;Sports]
hardener's,[Movies]
genre,[Animals;Books;Animals]
topsides,[Music;Animals;Music]
firmest,[Books]
tbsp,[Sports;Countries;Technology]
toxemia,[Movies;Food & Drink]
hogsheads,[Food & Drink;Historical Events;Movies]
campaigner,[Countries;Historical Events;Music]
amnesiacs,[Music]
vats,[Historical Events;Sports;Movies]
international's,[Movies;Sports]
messed,[Music]
claptrap,[Technology;Sports;Food & Drink]
coffeepots,[Books;Food & Drink;Music]
incinerator's,[Books;Sports]
freakiest,[Music;Technology;Technology]
listlessly,[Movies;Historical Events]
termly,[Famous People;Famous People;Countries]
Wichita's,[Music;Animals;Books]
clergywoman's,[Countries]
securities,[Music;Sports]
unstressed,[Historical Events;Famous People;Books]
intercollegiate,[Sports;Music;Books]
Deirdre's,[Food & Drink]
segmentation's,[Famous People]
rigor's,[Movies]
citadels,[Food & Drink;Technology;Food & Drink]
honoured,[Books;Food & Drink]
birthers,[Food & Drink]
strategists,[Sports;Famous People]
stalactite,[Music;Music]
patron's,[Food & Drink]
loyalist's,[Famous People]
Intel's,[Famous People]
mouthwashes,[Animals]
Bryant,[Music]
parted,[Food & Drink;Food & Drink;Books]
porridge,[Countries;Technology]
stride,[Music;Music]
canoe,[Historical Events]
devastation,[Books;Animals;Sports]
pumper,[Technology]
plumps,[Movies]
canals,[Famous People;Music]
fennel,[Music;Sports;Books]
strikeout's,[Countries;Technology]
bantams,[Books]
benumbs,[Historical Events;Animals]
differences,[Movies;Books]
FAQs,[Countries]
geriatrics's,[Famous People]
Nabisco,[Food & Drink;Famous People]
subtotal's,[Countries]
pushiness,[Sports]
salinity's,[Historical Events;Music;Animals]
widgeons,[Movies;Technology;Movies]
tumbrils,[Historical Events]
puritanism's,[Famous People]
kink's,[Animals;Food & Drink;Countries]
numerator,[Historical Events;Historical Events]
utopia,[Animals;Music;Sports]
fluffs,[Animals;Famous People]
dance's,[Historical Events]
peeper,[Music;Books]
hatchet,[Music]
encounters,[Movies;Famous People]
gluttonous,[Music]
earphones,[Technology;Famous People;Books]
homebody,[Food & Drink;Books]
Camille's,[Technology;Music]
heartily,[Countries;Books;Animals]
Schwarzkopf's,[Animals]
Magoo's,[Famous People]
bouncer,[Historical Events;Books]
lightness,[Movies;Movies]
Gujranwala,[Technology]
hillsides,[Famous People]
Suharto's,[Sports;Historical Events]
filter's,[Movies;Sports;Animals]
corning,[Famous People]
counteracted,[Sports;Music]
lexer,[Historical Events]
milepost's,[Technology;Technology;Sports]
eroded,[Technology;Countries;Movies]
Brontosaurus,[Music;Books]
h,[Music;Technology;Movies]
Kagoshima's,[Music]
unbuttoning,[Technology;Music]
Matlab,[Books;Food & Drink]
miscarrying,[Animals;Countries;Countries]
Englishwoman,[Sports;Music]
gutters,[Technology;Countries]
Cid,[Books;Movies]
loin's,[Historical Events;Countries;Music]
doggoneder,[Animals]
desirability,[Sports;Famous People;Countries]
Plantagenet's,[Historical Events;Sports]
advocacy,[Movies;Music]
peeving,[Historical Events]
anchor's,[Books;Food & Drink]
intervention's,[Famous People]
instances,[Books;Books;Famous People]
jocularity,[Historical Events;Countries]
unimportant,[Animals;Food & Drink]
naphtha,[Famous People;Movies;Countries]
enunciation,[Historical Events]
Moslem's,[Animals;Famous People]
upbraid,[Music;Technology]
Rb,[Food & Drink;Technology]
battleship's,[Movies;Movies]
tear,[Movies]
elaborateness,[Animals;Music;Historical Events]
Mammon's,[Countries;Food & Drink]
absentee's,[Technology;Books;Countries]
publicist,[Technology;Historical Events]
dishwasher's,[Countries]
winsomest,[Technology;Food & Drink]
gallstone,[Technology]
friers,[Sports;Sports;Countries]
original's,[Historical Events;Movies;Countries]
interest,[Food & Drink]
miring,[Historical Events;Historical Events]
yahoo's,[Movies]
nimble,[Movies]
heartening,[Movies]
schools,[Animals;Animals;Books]
mellowed,[Music;Music;Movies]
acquittal,[Sports]
parallelism,[Famous People;Technology;Countries]
mixers,[Countries]
motherfucker,[Music;Countries;Historical Events]
Wodehouse,[Movies;Countries]
flatboats,[Famous People]
glossy,[Countries;Animals]
nay's,[Famous People;Historical Events;Technology]
indecisive,[Historical Events]
Urey's,[Books;Movies;Music]
lotus's,[Historical Events]
charts,[Animals]
chessboards,[Technology;Historical Events;Animals]
wrack's,[Sports;Sports;Books]
coloring's,[Countries;Countries]
semesters,[Countries;Animals]
Miocene,[Sports]
Yellowknife's,[Countries;Food & Drink]
Andropov's,[Movies;Technology]
easterly's,[Countries]
creatures,[Countries]
turbine's,[Music;Books]
repellent's,[Food & Drink]
indictments,[Music]
society,[Music;Technology;Books]
agglutination's,[Books;Countries]
blemish,[Movies;Technology]
Ayyubid's,[Technology;Famous People;Music]
swelter's,[Animals;Music]
baleen's,[Historical Events;Animals]
amnesia's,[Movies;Music]
Bennett,[Food & Drink;Books;Music]
balloonists,[Books;Books]
unrolled,[Animals;Technology;Animals]
impends,[Countries;Music;Famous People]
crunches,[Animals]
fascist's,[Food & Drink;Music;Movies]
legman's,[Food & Drink;Historical Events;Movies]
reunites,[Famous People]
inheritance's,[Animals;Historical Events;Food & Drink]
snails,[Food & Drink;Books]
Iphigenia's,[Famous People;Animals]
mellowness,[Sports;Movies;Sports]
rifles,[Historical Events]
healthiness,[Music;Sports;Food & Drink]
middlebrows,[Sports;Books;Books]
awkward,[Movies;Music;Historical Events]
literal's,[Famous People]
conformist,[Food & Drink;Food & Drink;Technology]
quarterdecks,[Books;Technology]
purview's,[Technology;Technology]
oversleeps,[Historical Events;Books;Movies]
replication's,[Books]
troublemaker,[Technology]
culprit,[Countries;Countries;Countries]
engender,[Technology]
reopens,[Famous People]
tachometer,[Books;Sports]
